"Data_Status","State","MSN","1970","1971","1972","1973","1974","1975","1976","1977","1978","1979","1980","1981","1982","1983","1984","1985","1986","1987","1988","1989","1990","1991","1992","1993","1994","1995","1996","1997","1998","1999","2000","2001","2002","2003","2004","2005","2006","2007","2008","2009","2010","2011","2012","2013","2014"
"2014F","CO","ARICD"," .58"," 1.04"," 1.03"," 1.06"," 1.93"," 2.01"," 1.56"," 1.78"," 1.99"," 2.36"," 3.4"," 4.21"," 4.12"," 4.13"," 4.48"," 4.73"," 4.3"," 3.03"," 3.19"," 2.73"," 2.59"," 3.24"," 2.89"," 2.87"," 2.73"," 3.09"," 3.39"," 3.51"," 3.58"," 3.14"," 3.1"," 3.4"," 3.59"," 4.01"," 4.55"," 4.81"," 5.18"," 5.48"," 5.63"," 13.74"," 13.83"," 14.88"," 16.16"," 15.39"," 15.57"
"2014F","CO","ARICV"," 12.3"," 20.5"," 21.1"," 23.9"," 34.2"," 29.8"," 26.2"," 31"," 29.3"," 43.1"," 51.6"," 51.1"," 44.2"," 51.5"," 91.8"," 97.5"," 88.2"," 62.6"," 75.2"," 53.1"," 55.9"," 66.8"," 61.1"," 65.1"," 75.8"," 76.2"," 87.9"," 60"," 112.7"," 44.5"," 79.5"," 58"," 29"," 131"," 116.7"," 84.4"," 90.8"," 120.3"," 78.1"," 250.3"," 347.8"," 212.2"," 212.5"," 218.4"," 247.8"
"2014F","CO","ARTCD"," .58"," 1.04"," 1.03"," 1.06"," 1.93"," 2.01"," 1.56"," 1.78"," 1.99"," 2.36"," 3.4"," 4.21"," 4.12"," 4.13"," 4.48"," 4.73"," 4.3"," 3.03"," 3.19"," 2.73"," 2.59"," 3.24"," 2.89"," 2.87"," 2.73"," 3.09"," 3.39"," 3.51"," 3.58"," 3.14"," 3.1"," 3.4"," 3.59"," 4.01"," 4.55"," 4.81"," 5.18"," 5.48"," 5.63"," 13.74"," 13.83"," 14.88"," 16.16"," 15.39"," 15.57"
"2014F","CO","ARTCV"," 12.3"," 20.5"," 21.1"," 23.9"," 34.2"," 29.8"," 26.2"," 31"," 29.3"," 43.1"," 51.6"," 51.1"," 44.2"," 51.5"," 91.8"," 97.5"," 88.2"," 62.6"," 75.2"," 53.1"," 55.9"," 66.8"," 61.1"," 65.1"," 75.8"," 76.2"," 87.9"," 60"," 112.7"," 44.5"," 79.5"," 58"," 29"," 131"," 116.7"," 84.4"," 90.8"," 120.3"," 78.1"," 250.3"," 347.8"," 212.2"," 212.5"," 218.4"," 247.8"
"2014F","CO","ARTXD"," .58"," 1.04"," 1.03"," 1.06"," 1.93"," 2.01"," 1.56"," 1.78"," 1.99"," 2.36"," 3.4"," 4.21"," 4.12"," 4.13"," 4.48"," 4.73"," 4.3"," 3.03"," 3.19"," 2.73"," 2.59"," 3.24"," 2.89"," 2.87"," 2.73"," 3.09"," 3.39"," 3.51"," 3.58"," 3.14"," 3.1"," 3.4"," 3.59"," 4.01"," 4.55"," 4.81"," 5.18"," 5.48"," 5.63"," 13.74"," 13.83"," 14.88"," 16.16"," 15.39"," 15.57"
"2014F","CO","ARTXV"," 12.3"," 20.5"," 21.1"," 23.9"," 34.2"," 29.8"," 26.2"," 31"," 29.3"," 43.1"," 51.6"," 51.1"," 44.2"," 51.5"," 91.8"," 97.5"," 88.2"," 62.6"," 75.2"," 53.1"," 55.9"," 66.8"," 61.1"," 65.1"," 75.8"," 76.2"," 87.9"," 60"," 112.7"," 44.5"," 79.5"," 58"," 29"," 131"," 116.7"," 84.4"," 90.8"," 120.3"," 78.1"," 250.3"," 347.8"," 212.2"," 212.5"," 218.4"," 247.8"
"2014F","CO","AVACD"," 2.17"," 2.21"," 2.19"," 2.36"," 3.23"," 3.45"," 3.59"," 3.97"," 4.29"," 5.73"," 9.02"," 10.84"," 10.92"," 10.44"," 10.27"," 9.99"," 8.41"," 7.55"," 7.41"," 8.28"," 9.32"," 8.71"," 8.54"," 8.24"," 7.96"," 8.36"," 9.29"," 9.39"," 8.11"," 8.81"," 10.87"," 11.01"," 10.72"," 12.42"," 15.13"," 18.56"," 22.31"," 23.7"," 27.23"," 20.32"," 25.19"," 31.64"," 33.04"," 32.71"," 33.16"
"2014F","CO","AVACV"," 3.7"," 3.5"," 3.6"," 4"," 5.3"," 4.6"," 4.8"," 5.8"," 6.4"," 7.8"," 12.1"," 14.1"," 10.4"," 9.4"," 7.4"," 7.1"," 7.5"," 5.8"," 6.2"," 7.6"," 7.8"," 6.8"," 5.9"," 5.1"," 5.1"," 5.2"," 5.8"," 6.8"," 5.9"," 8.7"," 8.6"," 15"," 8.6"," 8.7"," 9.3"," 12.2"," 17.2"," 12.3"," 13.4"," 8.5"," 14.6"," 20.4"," 14.6"," 15"," 13.8"
"2014F","CO","AVTCD"," 2.17"," 2.21"," 2.19"," 2.36"," 3.23"," 3.45"," 3.59"," 3.97"," 4.29"," 5.73"," 9.02"," 10.84"," 10.92"," 10.44"," 10.27"," 9.99"," 8.41"," 7.55"," 7.41"," 8.28"," 9.32"," 8.71"," 8.54"," 8.24"," 7.96"," 8.36"," 9.29"," 9.39"," 8.11"," 8.81"," 10.87"," 11.01"," 10.72"," 12.42"," 15.13"," 18.56"," 22.31"," 23.7"," 27.23"," 20.32"," 25.19"," 31.64"," 33.04"," 32.71"," 33.16"
"2014F","CO","AVTCV"," 3.7"," 3.5"," 3.6"," 4"," 5.3"," 4.6"," 4.8"," 5.8"," 6.4"," 7.8"," 12.1"," 14.1"," 10.4"," 9.4"," 7.4"," 7.1"," 7.5"," 5.8"," 6.2"," 7.6"," 7.8"," 6.8"," 5.9"," 5.1"," 5.1"," 5.2"," 5.8"," 6.8"," 5.9"," 8.7"," 8.6"," 15"," 8.6"," 8.7"," 9.3"," 12.2"," 17.2"," 12.3"," 13.4"," 8.5"," 14.6"," 20.4"," 14.6"," 15"," 13.8"
"2014F","CO","AVTXD"," 2.17"," 2.21"," 2.19"," 2.36"," 3.23"," 3.45"," 3.59"," 3.97"," 4.29"," 5.73"," 9.02"," 10.84"," 10.92"," 10.44"," 10.27"," 9.99"," 8.41"," 7.55"," 7.41"," 8.28"," 9.32"," 8.71"," 8.54"," 8.24"," 7.96"," 8.36"," 9.29"," 9.39"," 8.11"," 8.81"," 10.87"," 11.01"," 10.72"," 12.42"," 15.13"," 18.56"," 22.31"," 23.7"," 27.23"," 20.32"," 25.19"," 31.64"," 33.04"," 32.71"," 33.16"
"2014F","CO","AVTXV"," 3.7"," 3.5"," 3.6"," 4"," 5.3"," 4.6"," 4.8"," 5.8"," 6.4"," 7.8"," 12.1"," 14.1"," 10.4"," 9.4"," 7.4"," 7.1"," 7.5"," 5.8"," 6.2"," 7.6"," 7.8"," 6.8"," 5.9"," 5.1"," 5.1"," 5.2"," 5.8"," 6.8"," 5.9"," 8.7"," 8.6"," 15"," 8.6"," 8.7"," 9.3"," 12.2"," 17.2"," 12.3"," 13.4"," 8.5"," 14.6"," 20.4"," 14.6"," 15"," 13.8"
"2014F","CO","CLACD"," .39"," .4"," .43"," .42"," .75"," .81"," 1.06"," 1.08"," 0"," 0"," 0"," 0"," 0"," 0"," 0"," 0"," 0"," 0"," 0"," 0"," 0"," 0"," 0"," 0"," 0"," 0"," 0"," 0"," 0"," 0"," 0"," 0"," 0"," 0"," 0"," 0"," 0"," 0"," 0"," 0"," 0"," 0"," 0"," 0"," 0"
"2014F","CO","CLACV"," 0"," 0"," 0"," 0"," 0"," 0"," 0"," 0"," 0"," 0"," 0"," 0"," 0"," 0"," 0"," 0"," 0"," 0"," 0"," 0"," 0"," 0"," 0"," 0"," 0"," 0"," 0"," 0"," 0"," 0"," 0"," 0"," 0"," 0"," 0"," 0"," 0"," 0"," 0"," 0"," 0"," 0"," 0"," 0"," 0"
"2014F","CO","CLCCD"," .39"," .4"," .43"," .42"," .75"," .81"," 1.06"," 1.08"," 1.23"," 1.33"," 1.2"," 1.17"," 1.42"," 1.38"," 1.31"," 1.31"," 1.24"," 1.37"," 1.36"," 1.34"," 1.28"," 1.39"," 1.51"," 1.37"," 1.35"," 1.21"," 1.08"," 1.17"," 1.12"," 1.13"," 1.11"," 1.25"," 1.19"," 1.2"," 1.44"," 1.56"," 1.78"," 1.91"," 2.47"," 2.95"," 2.56"," 2.58"," 3.51"," 3.72"," 3.64"
"2014F","CO","CLCCV"," .9"," 1"," 1.2"," 1"," 1.1"," .2"," .9"," 1.4"," 4"," 5"," 2"," 2"," 3.2"," 2"," 2.9"," 3.4"," 2.2"," 1.8"," 2.2"," 1.4"," 1.3"," 1.6"," 1.5"," .9"," .6"," .5"," .3"," 1.3"," .4"," 2.3"," 1.7"," 7.3"," 5.4"," 6.5"," 6.5"," 4.3"," 2.4"," .5"," 17.2"," 19.3"," 15.5"," 8.2"," .8"," .4"," .5"
"2014F","CO","CLEID"," .26"," .28"," .3"," .29"," .37"," .48"," .49"," .61"," .66"," .75"," .86"," .96"," 1.09"," 1.11"," 1.13"," 1.15"," 1.18"," 1.12"," 1.07"," 1.06"," 1.06"," 1.09"," 1.09"," 1.09"," 1.06"," 1.05"," 1.03"," 1.01"," .99"," .98"," .93"," .92"," .95"," .97"," .97"," 1.06"," 1.28"," 1.26"," 1.44"," 1.57"," 1.57"," 1.72"," 1.84"," 1.91"," 1.93"
"2014F","CO","CLEIV"," 18"," 19.1"," 21.8"," 27.3"," 35.2"," 54.5"," 70.3"," 108.3"," 118.7"," 144.4"," 173.3"," 228.5"," 270.1"," 263.2"," 301.3"," 321.3"," 324.9"," 312"," 314.3"," 328.5"," 340.3"," 340.9"," 353.4"," 360.4"," 359.5"," 343.7"," 351.4"," 348.8"," 351.5"," 347.5"," 348.8"," 356.5"," 362"," 368.5"," 367.8"," 398.4"," 496.3"," 484.1"," 535.4"," 534.6"," 579.8"," 622"," 670.5"," 681"," 658.5"
"2014F","CO","CLICD"," .42"," .45"," .49"," .55"," 1.15"," 1.17"," 1.39"," 1.42"," 1.53"," 1.62"," 1.66"," 1.84"," 1.66"," 1.38"," 1.31"," 1.31"," 1.24"," 1.37"," 1.36"," 1.34"," 1.28"," 1.39"," 1.51"," 1.37"," 1.35"," 1.21"," 1.08"," 1.17"," 1.12"," 1.13"," 1.11"," 1.25"," 1.19"," 1.2"," 1.44"," 1.56"," 1.78"," 1.91"," 1.89"," 1.96"," 1.96"," 2.05"," 2.89"," 2.92"," 2.91"
"2014F","CO","CLICV"," 17.4"," 14.8"," 20.2"," 24.1"," 48"," 53.4"," 57.3"," 61.7"," 53.5"," 65.8"," 71.3"," 72.9"," 42.6"," 21.5"," 24.2"," 22.3"," 20.6"," 21.5"," 19.6"," 17.9"," 19.6"," 21.6"," 22.3"," 22.3"," 24.9"," 19.1"," 8.6"," 18.3"," 9.3"," 10.3"," 10.3"," 8.5"," 5.6"," 7.8"," 9.6"," 10.8"," 11.6"," 10.2"," 10.2"," 6.3"," 14.6"," 6.8"," 18.1"," 21.9"," 24.5"
"2014F","CO","CLKCD"," .43"," .47"," .52"," .61"," 1.29"," 1.38"," 1.51"," 1.58"," 1.7"," 1.74"," 1.97"," 2.26"," 2.07"," 0"," 0"," 0"," 0"," 0"," 0"," 0"," 0"," 0"," 0"," 0"," 0"," 0"," 0"," 0"," 0"," 0"," 0"," 0"," 0"," 0"," 0"," 0"," 0"," 0"," 0"," 0"," 0"," 0"," 0"," 0"," 0"
"2014F","CO","CLKCV"," 12"," 11.6"," 14.6"," 18.9"," 39.9"," 39.5"," 44.8"," 46.2"," 38"," 50.6"," 50.2"," 54.8"," 19.7"," 0"," 0"," 0"," 0"," 0"," 0"," 0"," 0"," 0"," 0"," 0"," 0"," 0"," 0"," 0"," 0"," 0"," 0"," 0"," 0"," 0"," 0"," 0"," 0"," 0"," 0"," 0"," 0"," 0"," 0"," 0"," 0"
"2014F","CO","CLOCD"," .39"," .4"," .43"," .42"," .75"," .81"," 1.06"," 1.08"," 1.23"," 1.33"," 1.2"," 1.17"," 1.42"," 1.38"," 1.31"," 1.31"," 1.24"," 1.37"," 1.36"," 1.34"," 1.28"," 1.39"," 1.51"," 1.37"," 1.35"," 1.21"," 1.08"," 1.17"," 1.12"," 1.13"," 1.11"," 1.25"," 1.19"," 1.2"," 1.44"," 1.56"," 1.78"," 1.91"," 1.89"," 1.96"," 1.96"," 2.05"," 2.89"," 2.92"," 2.91"
"2014F","CO","CLOCV"," 5.4"," 3.2"," 5.7"," 5.3"," 8.1"," 14"," 12.5"," 15.5"," 15.5"," 15.2"," 21.1"," 18"," 22.9"," 21.5"," 24.2"," 22.3"," 20.6"," 21.5"," 19.6"," 17.9"," 19.6"," 21.6"," 22.3"," 22.3"," 24.9"," 19.1"," 8.6"," 18.3"," 9.3"," 10.3"," 10.3"," 8.5"," 5.6"," 7.8"," 9.6"," 10.8"," 11.6"," 10.2"," 10.2"," 6.3"," 14.6"," 6.8"," 18.1"," 21.9"," 24.5"
"2014F","CO","CLOSB"," 13664"," 8017"," 13242"," 12472"," 10754"," 17281"," 11749"," 14333"," 12563"," 11439"," 17608"," 15387"," 16159"," 15604"," 18496"," 17058"," 16608"," 15718"," 14453"," 13368"," 15383"," 15558"," 14784"," 16328"," 18477"," 15814"," 7923"," 15704"," 8331"," 9111"," 9270"," 6770"," 4720"," 6528"," 6669"," 6939"," 6498"," 5352"," 5410"," 3213"," 7479"," 3307"," 6256"," 7502"," 8400"
"2014F","CO","CLRCD"," .9"," .84"," .98"," 1.48"," 1.07"," 1.58"," 1.41"," 1.61"," 1.71"," 2.97"," 2.54"," 3.42"," 3.18"," 2.91"," 2.92"," 2.83"," 2.78"," 2.4"," 2.12"," 2.43"," 2.41"," 2.36"," 2.43"," 2.16"," 2.25"," 2.24"," 2.14"," 2.14"," 2.1"," 2.05"," 2.13"," 2.25"," 2.43"," 2.24"," 2.12"," 2.45"," 3.73"," 2.94"," 0"," 0"," 0"," 0"," 0"," 0"," 0"
"2014F","CO","CLRCV"," 2.6"," 2"," 2.1"," 2.1"," .7"," .2"," .5"," .8"," 1.7"," 2.8"," 1.1"," 1.3"," 1.5"," .8"," 1.5"," 2.1"," 1.4"," 1"," 1"," .7"," .6"," .6"," .5"," .3"," .2"," .1"," .1"," .3"," .1"," .6"," .4"," 1.6"," 1.5"," 1.8"," 1.1"," .6"," .5"," .1"," 0"," 0"," 0"," 0"," 0"," 0"," 0"
"2014F","CO","CLRFB"," 0"," 0"," 0"," 0"," 0"," 0"," 0"," 0"," 0"," 0"," 0"," 0"," 0"," 0"," 0"," 0"," 0"," 0"," 0"," 0"," 0"," 0"," 0"," 0"," 0"," 0"," 0"," 0"," 0"," 0"," 0"," 0"," 0"," 0"," 0"," 0"," 0"," 0"," 0"," 0"," 0"," 0"," 0"," 0"," 0"
"2014F","CO","CLTCD"," .34"," .35"," .38"," .39"," .61"," .68"," .7"," .77"," .81"," .92"," 1"," 1.09"," 1.15"," 1.13"," 1.15"," 1.17"," 1.18"," 1.13"," 1.08"," 1.08"," 1.07"," 1.1"," 1.11"," 1.11"," 1.07"," 1.06"," 1.03"," 1.02"," .99"," .99"," .93"," .93"," .96"," .98"," .99"," 1.07"," 1.3"," 1.27"," 1.46"," 1.6"," 1.59"," 1.73"," 1.86"," 1.93"," 1.95"
"2014F","CO","CLTCV"," 38.8"," 36.9"," 45.3"," 54.7"," 85"," 108.4"," 129"," 172.2"," 177.8"," 218"," 247.8"," 304.6"," 317.4"," 287.5"," 329.9"," 349.1"," 349.1"," 336.3"," 337.1"," 348.5"," 361.8"," 364.7"," 377.8"," 384"," 385.1"," 363.3"," 360.3"," 368.7"," 361.3"," 360.7"," 361.3"," 373.9"," 374.4"," 384.6"," 384.9"," 414.1"," 510.7"," 494.9"," 562.9"," 560.1"," 609.9"," 637"," 689.4"," 703.4"," 683.5"
"2014F","CO","CLTXD"," .45"," .47"," .51"," .58"," 1.14"," 1.17"," 1.38"," 1.41"," 1.51"," 1.63"," 1.65"," 1.82"," 1.67"," 1.4"," 1.35"," 1.36"," 1.28"," 1.39"," 1.38"," 1.36"," 1.29"," 1.4"," 1.52"," 1.38"," 1.35"," 1.21"," 1.08"," 1.18"," 1.13"," 1.16"," 1.13"," 1.31"," 1.26"," 1.26"," 1.47"," 1.58"," 1.81"," 1.92"," 2.22"," 2.63"," 2.23"," 2.31"," 2.92"," 2.93"," 2.93"
"2014F","CO","CLTXV"," 20.9"," 17.8"," 23.5"," 27.3"," 49.9"," 53.9"," 58.6"," 63.8"," 59.2"," 73.6"," 74.5"," 76.1"," 47.3"," 24.3"," 28.6"," 27.8"," 24.2"," 24.3"," 22.8"," 20"," 21.5"," 23.8"," 24.4"," 23.6"," 25.6"," 19.7"," 8.9"," 19.9"," 9.8"," 13.2"," 12.4"," 17.4"," 12.4"," 16.1"," 17.1"," 15.7"," 14.5"," 10.8"," 27.5"," 25.6"," 30.1"," 15"," 18.9"," 22.4"," 25"
"2014F","CO","CLXCD"," .3"," .31"," .34"," .33"," .42"," .53"," .54"," .65"," .71"," .8"," .89"," .98"," 1.12"," 1.13"," 1.15"," 1.17"," 1.18"," 1.13"," 1.08"," 1.08"," 1.07"," 1.1"," 1.11"," 1.11"," 1.07"," 1.06"," 1.03"," 1.02"," .99"," .99"," .93"," .93"," .96"," .98"," .99"," 1.07"," 1.3"," 1.27"," 1.46"," 1.6"," 1.59"," 1.73"," 1.86"," 1.93"," 1.95"
"2014F","CO","CLXCV"," 26.8"," 25.3"," 30.7"," 35.8"," 45.1"," 69"," 84.2"," 126"," 139.8"," 167.4"," 197.5"," 249.7"," 297.8"," 287.5"," 329.9"," 349.1"," 349.1"," 336.3"," 337.1"," 348.5"," 361.8"," 364.7"," 377.8"," 384"," 385.1"," 363.3"," 360.3"," 368.7"," 361.3"," 360.7"," 361.3"," 373.9"," 374.4"," 384.6"," 384.9"," 414.1"," 510.7"," 494.9"," 562.9"," 560.1"," 609.9"," 637"," 689.4"," 703.4"," 683.5"
"2014F","CO","DFACD"," 1.2"," 1.24"," 1.23"," 1.47"," 2.45"," 2.49"," 2.7"," 3.08"," 3.22"," 4.82"," 7.13"," 8.22"," 7.75"," 6.83"," 6.93"," 6.7"," 6.91"," 7.28"," 7.13"," 7.85"," 8.8"," 8.39"," 8.62"," 8.7"," 8.54"," 8.58"," 9.44"," 9.17"," 7.92"," 8.48"," 11.08"," 10.76"," 9.77"," 10.89"," 13.33"," 17.7"," 20.16"," 21.65"," 27.42"," 17.54"," 21.08"," 27.98"," 28.79"," 28.21"," 27.48"
"2014F","CO","DFACV"," 18.6"," 21.6"," 25.6"," 34.8"," 63.7"," 62.3"," 76.6"," 97.8"," 107.3"," 214"," 272.1"," 248.8"," 276.5"," 247.5"," 244.1"," 245"," 237.9"," 256.1"," 261.9"," 296.4"," 352.8"," 346.5"," 334.4"," 404"," 405.8"," 433"," 473.1"," 417.6"," 469.4"," 540.4"," 737.1"," 816.2"," 767.8"," 933.7"," 1006.4"," 1362.1"," 1635.7"," 1802.1"," 2114.9"," 1390.5"," 1778.3"," 2314.7"," 2378.3"," 2268.4"," 2356.9"
"2014F","CO","DFCCD"," 1.06"," 1.09"," 1.09"," 1.33"," 2.27"," 2.49"," 2.64"," 2.91"," 2.98"," 4.35"," 6.48"," 7.82"," 7.35"," 6.46"," 6.29"," 5.93"," 3.69"," 4.13"," 3.82"," 4.55"," 5.7"," 5.03"," 4.87"," 4.88"," 4.57"," 4.71"," 5.57"," 5.46"," 4.26"," 4.68"," 7.12"," 6.6"," 5.77"," 7.18"," 9.49"," 13.9"," 16.37"," 17.74"," 23.7"," 13.99"," 17.79"," 23.64"," 24.26"," 23.78"," 22.45"
"2014F","CO","DFCCV"," .9"," 1"," 1.2"," 1.6"," 3.3"," 3.4"," 3.6"," 4.1"," 4.2"," 7"," 12.8"," 14.2"," 6.4"," 30.7"," 25.3"," 21.1"," 8.1"," 20.6"," 20.6"," 13.4"," 14.7"," 13.9"," 19.6"," 18.9"," 27.3"," 19.2"," 23.7"," 28.4"," 21.5"," 22.1"," 25.1"," 24.3"," 16.7"," 13.1"," 17.8"," 50.5"," 62.5"," 45.9"," 69.1"," 115.8"," 103.6"," 138.5"," 111.2"," 104.6"," 106.3"
"2014F","CO","DFEID"," .45"," .68"," .68"," 1.56"," 2.31"," 2.56"," 2.39"," 2.69"," 2.82"," 4.51"," 6.5"," 7.3"," 5.86"," 6.21"," 6.03"," 5.92"," 3.37"," 3.86"," 3.88"," 4.1"," 5.34"," 5.13"," 4.79"," 4.81"," 4.58"," 4.77"," 5.52"," 5.33"," 4.24"," 5.44"," 6.94"," 7.21"," 7.05"," 9.15"," 11.58"," 18.78"," 14.69"," 18.45"," 21.67"," 12.73"," 17.49"," 23.63"," 25.19"," 23.6"," 19.7"
"2014F","CO","DFEIV"," .1"," .1"," .2"," 1.2"," 3.3"," 9.2"," 6.2"," 3.6"," 5.6"," 12.1"," 10.3"," 8.3"," 6.5"," 5.2"," 2.9"," 3.9"," 1.9"," 2"," 1.3"," 1.7"," 1.6"," 1.1"," 1.3"," .8"," .9"," .8"," 1.1"," 1.2"," 2.1"," 2.2"," 7.7"," 14.2"," 2.1"," 3.8"," 2"," 4.7"," 3.7"," 6.9"," 4.6"," 1.8"," 3.7"," 5.9"," 3.4"," 2.5"," 3.4"
"2014F","CO","DFICD"," .83"," .82"," .82"," 1.07"," 1.8"," 1.96"," 2.17"," 2.2"," 2.38"," 2.82"," 5.33"," 5.81"," 4.5"," 6.51"," 6.57"," 6.33"," 4.03"," 4.34"," 4.14"," 4.93"," 6.19"," 5.4"," 5.3"," 5.34"," 5.23"," 5.37"," 6.24"," 6.01"," 4.62"," 4.8"," 6.97"," 6.72"," 6.05"," 7.55"," 9.39"," 14.51"," 17.2"," 18.76"," 24.66"," 14.35"," 18.38"," 24.78"," 24.89"," 24.41"," 23.23"
"2014F","CO","DFICV"," 10.1"," 13"," 12.9"," 20"," 36.8"," 38.6"," 45.2"," 47.6"," 50.4"," 55.2"," 123.7"," 100.4"," 70.8"," 137.2"," 117"," 75.7"," 75.1"," 60"," 80.8"," 76.4"," 97.7"," 89.5"," 111.1"," 99.1"," 80.1"," 86"," 111.1"," 106.9"," 90.6"," 89"," 132.7"," 131.7"," 117.4"," 134.9"," 178.6"," 308.9"," 426.1"," 524"," 854.8"," 295.4"," 387.6"," 560.8"," 571.8"," 591.7"," 658.5"
"2014F","CO","DFISB"," 12251"," 15811"," 15795"," 18585"," 20413"," 19656"," 20849"," 21603"," 21214"," 19597"," 23203"," 17288"," 15739"," 21058"," 17825"," 11961"," 18611"," 13812"," 19540"," 15498"," 15799"," 16572"," 20944"," 18550"," 15335"," 15995"," 17794"," 17801"," 19589"," 18530"," 19047"," 19597"," 19392"," 17881"," 19025"," 21284"," 24779"," 27936"," 34666"," 20579"," 21092"," 22632"," 22976"," 24238"," 28343"
"2014F","CO","DFRCD"," 1.28"," 1.36"," 1.36"," 1.58"," 2.51"," 2.84"," 2.94"," 3.25"," 3.28"," 4.63"," 6.96"," 8.32"," 7.94"," 5.82"," 6.84"," 6.91"," 4.32"," 3.49"," 3.47"," 5.09"," 6.19"," 5.9"," 4.82"," 4.75"," 2.93"," 3.94"," 4.46"," 6.96"," 5.77"," 5.99"," 8.65"," 8.03"," 6.75"," 8.88"," 10.38"," 15.56"," 17.68"," 19.36"," 23.66"," 15.34"," 19.44"," 25.09"," 25.74"," 25.09"," 23.84"
"2014F","CO","DFRCV"," 1.3"," 1.5"," 1.7"," 2.3"," 4.3"," 4.7"," 4.9"," 5.5"," 5.5"," 9"," 3.2"," 2.6"," 2.7"," 4.6"," 4.6"," 3.8"," 1.5"," 1.1"," 1"," 1.2"," 1"," .7"," .5"," .8"," .4"," .8"," 1.2"," 2.1"," .6"," .3"," 3.1"," 2.6"," 1"," .6"," 1"," .8"," 1"," .9"," 1.1"," 1"," 1.2"," 2.1"," 2"," 2"," 3.9"
"2014F","CO","DFRFB"," 728"," 868"," 920"," 350"," 309"," 262"," 111"," 76"," 0"," 0"," 0"," 12"," 12"," 2"," 0"," 2"," 0"," 0"," 9"," 16"," 0"," 2"," 2"," 2"," 2"," 4"," 2"," 0"," 0"," 11"," 6"," 12"," 0"," 0"," 2"," 0"," 0"," 0"," 0"," 1"," 2"," 0"," 2"," 6"," 0"
"2014F","CO","DFTCD"," 1.04"," 1.05"," 1.06"," 1.31"," 2.18"," 2.3"," 2.49"," 2.75"," 2.9"," 4.24"," 6.45"," 7.36"," 6.75"," 6.68"," 6.76"," 6.56"," 5.78"," 6.2"," 5.87"," 6.84"," 7.94"," 7.41"," 7.28"," 7.57"," 7.44"," 7.61"," 8.4"," 8.06"," 6.92"," 7.48"," 10"," 9.75"," 8.93"," 10.26"," 12.48"," 16.9"," 19.35"," 20.84"," 26.48"," 16.66"," 20.39"," 27.09"," 27.78"," 27.19"," 26.25"
"2014F","CO","DFTCV"," 30.9"," 37.3"," 41.6"," 59.9"," 111.3"," 118.1"," 136.6"," 158.7"," 173"," 297.3"," 422.1"," 374.2"," 363"," 425.3"," 394"," 349.5"," 324.4"," 339.7"," 365.6"," 389.1"," 467.8"," 451.8"," 466.9"," 523.6"," 514.5"," 539.8"," 610.2"," 556.2"," 584.2"," 654.1"," 905.7"," 989"," 904.9"," 1086.1"," 1205.9"," 1727.1"," 2129"," 2379.7"," 3044.6"," 1804.5"," 2274.5"," 3022"," 3066.6"," 2969.2"," 3129"
"2014F","CO","DFTXD"," 1.04"," 1.05"," 1.06"," 1.31"," 2.18"," 2.29"," 2.49"," 2.75"," 2.9"," 4.22"," 6.45"," 7.37"," 6.77"," 6.68"," 6.77"," 6.57"," 5.8"," 6.22"," 5.88"," 6.86"," 7.95"," 7.42"," 7.29"," 7.57"," 7.45"," 7.62"," 8.41"," 8.06"," 6.93"," 7.49"," 10.04"," 9.8"," 8.94"," 10.26"," 12.48"," 16.9"," 19.36"," 20.85"," 26.49"," 16.66"," 20.4"," 27.1"," 27.78"," 27.19"," 26.26"
"2014F","CO","DFTXV"," 30.8"," 37.2"," 41.4"," 58.6"," 108"," 108.9"," 130.3"," 155"," 167.4"," 285.3"," 411.8"," 365.9"," 356.5"," 420.1"," 391.1"," 345.6"," 322.5"," 337.7"," 364.3"," 387.5"," 466.2"," 450.7"," 465.6"," 522.8"," 513.6"," 539"," 609.1"," 555"," 582.1"," 651.9"," 898"," 974.8"," 902.8"," 1082.3"," 1203.9"," 1722.4"," 2125.3"," 2372.8"," 3040"," 1802.7"," 2270.7"," 3016.1"," 3063.3"," 2966.7"," 3125.6"
"2014F","CO","DKEID"," .45"," .68"," .68"," 1.56"," 2.31"," 2.56"," 2.39"," 2.69"," 2.82"," 4.51"," 6.5"," 7.3"," 5.86"," 6.21"," 6.03"," 5.92"," 3.37"," 3.86"," 3.88"," 4.1"," 5.34"," 5.13"," 4.79"," 4.81"," 4.58"," 4.77"," 5.52"," 5.33"," 4.24"," 5.44"," 6.94"," 7.21"," 7.05"," 9.15"," 11.58"," 18.78"," 14.69"," 18.45"," 21.67"," 12.73"," 17.49"," 23.63"," 25.19"," 23.6"," 19.7"
"2014F","CO","DKEIV"," .1"," .1"," .2"," 1.2"," 3.3"," 9.2"," 6.2"," 3.6"," 5.6"," 12.1"," 10.3"," 8.3"," 6.5"," 5.2"," 2.9"," 3.9"," 1.9"," 2"," 1.3"," 1.7"," 1.6"," 1.1"," 1.3"," .8"," .9"," .8"," 1.1"," 1.2"," 2.1"," 2.2"," 7.7"," 14.2"," 2.1"," 3.8"," 2"," 4.7"," 3.7"," 6.9"," 4.6"," 1.8"," 3.7"," 5.9"," 3.4"," 2.5"," 3.4"
"2014F","CO","ELEXD"," 0"," 0"," 0"," 0"," 0"," 0"," 0"," 0"," 0"," 0"," 0"," 0"," 0"," 0"," 0"," 0"," 0"," 0"," 0"," 0"," 0"," 0"," 0"," 0"," 0"," 0"," 0"," 0"," 0"," 0"," 0"," 0"," 0"," 0"," 0"," 16.04"," 0"," 14.77"," 15.87"," 9.64"," 9.98"," 7.64"," 6.12"," 9.78"," 12.91"
"2014F","CO","ELEXV"," 0"," 0"," 0"," 0"," 0"," 0"," 0"," 0"," 0"," 0"," 0"," 0"," 0"," 0"," 0"," 0"," 0"," 0"," 0"," 0"," 0"," 0"," 0"," 0"," 0"," 0"," 0"," 0"," 0"," 0"," 0"," 0"," 0"," 0"," 0"," 0"," 0"," .1"," .2"," 0"," .1"," .2"," 0"," 0"," .3"
"2014F","CO","ELIMD"," 0"," 0"," 0"," 0"," 0"," 0"," 0"," 0"," 0"," 0"," 0"," 0"," 0"," 0"," 0"," 0"," 0"," 0"," 0"," 0"," 0"," 0"," 0"," 0"," 0"," 0"," 0"," 6.71"," 7.87"," 8.69"," 16.78"," 20.47"," 8.94"," 13.21"," 13.84"," 16.53"," 17.32"," 18.25"," 18.28"," 0"," 13.31"," 11.53"," 0"," 11.49"," 13.31"
"2014F","CO","ELIMV"," 0"," 0"," 0"," 0"," 0"," 0"," 0"," 0"," 0"," 0"," 0"," 0"," 0"," 0"," 0"," 0"," 0"," 0"," 0"," 0"," 0"," 0"," 0"," 0"," 0"," 0"," 0"," 1"," 0"," .1"," .6"," 2.5"," .2"," .1"," 1.8"," .4"," .1"," .1"," .1"," 0"," 0"," 0"," 0"," 0"," 0"
"2014F","CO","EMACV"," 0"," 0"," 0"," 0"," 0"," 0"," 0"," 0"," 0"," 0"," 0"," 0"," 2"," 4"," 5.6"," 14.1"," 3.5"," 1.3"," 3.1"," 5.6"," 7.3"," 7.5"," 12.3",,,,,,,,,,,,,,,,,,,,,,
"2014F","CO","EMCCV"," 0"," 0"," 0"," 0"," 0"," 0"," 0"," 0"," 0"," 0"," 0"," 0"," 0"," 0"," .1"," .1"," 0"," 0"," 0"," 0"," .1"," .1"," .1",,,,,,,,,,,,,,,,,,,,,,
"2014F","CO","EMICV"," 0"," 0"," 0"," 0"," 0"," 0"," 0"," 0"," 0"," 0"," 0"," 0"," 0"," .1"," .1"," .2"," .1"," 0"," 0"," .1"," .1"," .1"," .2",,,,,,,,,,,,,,,,,,,,,,
"2014F","CO","EMTCV"," 0"," 0"," 0"," 0"," 0"," 0"," 0"," 0"," 0"," 0"," 0"," 0"," 2"," 4.1"," 5.7"," 14.4"," 3.6"," 1.4"," 3.1"," 5.8"," 7.4"," 7.7"," 12.5",,,,,,,,,,,,,,,,,,,,,,
"2014F","CO","ESACD"," 0"," 0"," 0"," 0"," 0"," 0"," 0"," 0"," 0"," 0"," 0"," 0"," 0"," 0"," 0"," 0"," 0"," 0"," 0"," 0"," 0"," 0"," 0"," 0"," 17.18"," 17.68"," 16.96"," 16.49"," 16.26"," 16.73"," 16.26"," 16.63"," 16.44"," 21.45"," 17.02"," 14.69"," 22.79"," 21.05"," 24.38"," 23.85"," 27.38"," 28.7"," 28.39"," 30.93"," 31.62"
"2014F","CO","ESACV"," 0"," 0"," 0"," 0"," 0"," 0"," 0"," 0"," 0"," 0"," 0"," 0"," 0"," 0"," 0"," 0"," 0"," 0"," 0"," 0"," 0"," 0"," 0"," 0"," .1"," .2"," .2"," .3"," .3"," .3"," .5"," .6"," 2.1"," 2.7"," 1.1"," 1"," 1.9"," 3.2"," 4"," 3.6"," 4.3"," 4.9"," 5.1"," 6.5"," 6.9"
"2014F","CO","ESCCD"," 5.97"," 6.03"," 6.14"," 6.2"," 6.86"," 7.95"," 8.78"," 9.33"," 10.18"," 11.56"," 14.37"," 16.38"," 18.09"," 17.64"," 18.1"," 18.34"," 17.73"," 17.05"," 17.03"," 17.17"," 16.89"," 17.07"," 17.21"," 17.36"," 17.89"," 18.13"," 17.72"," 17.28"," 16.98"," 16.83"," 16.62"," 17"," 16.81"," 19.35"," 20.19"," 22.33"," 22"," 22.33"," 25.13"," 23.89"," 26.77"," 27.67"," 27.53"," 28.9"," 29.54"
"2014F","CO","ESCCV"," 93.5"," 102.8"," 115.6"," 126.6"," 144.9"," 170.3"," 171.1"," 193"," 224.2"," 270.9"," 356.8"," 467.2"," 614"," 638.5"," 720.6"," 772.2"," 753"," 735.1"," 784"," 827"," 831.2"," 851"," 866.7"," 905.1"," 851"," 884.4"," 921.9"," 914.2"," 980.3"," 1028.6"," 1078.8"," 1092.7"," 1135.6"," 1297.9"," 1343"," 1512.1"," 1512.4"," 1562.3"," 1761.9"," 1631.1"," 1790"," 1878"," 1878.4"," 1982"," 2029.1"
"2014F","CO","ESICD"," 3.5"," 3.47"," 3.72"," 4.09"," 4.53"," 5.55"," 6.03"," 6.35"," 6.91"," 8.01"," 9.4"," 10.79"," 12.87"," 12.33"," 12.44"," 12.67"," 12.95"," 12.78"," 13.22"," 13.32"," 13.16"," 13.37"," 13.45"," 13.25"," 13.42"," 13.23"," 12.74"," 12.55"," 12.71"," 12.83"," 12.47"," 13.12"," 13.26"," 14.95"," 14.96"," 16.81"," 17.24"," 17.49"," 19.49"," 18.72"," 20.24"," 20.69"," 20.36"," 21.51"," 21.91"
"2014F","CO","ESICV"," 26.9"," 28.5"," 33"," 38.2"," 49.9"," 81.3"," 113.9"," 132.8"," 150.9"," 185.9"," 218.8"," 237.9"," 194"," 136.8"," 217"," 222.7"," 245.8"," 258.3"," 270.9"," 275.1"," 282.1"," 293.3"," 300.7"," 302.3"," 419.9"," 418.3"," 412.9"," 420.1"," 413.8"," 397.2"," 403.6"," 464.6"," 457.1"," 537.1"," 566.5"," 657.5"," 704.2"," 745.6"," 874"," 821"," 994"," 1021.1"," 1016.2"," 1059.4"," 1105.9"
"2014F","CO","ESISB"," 7684"," 8221"," 8874"," 9335"," 11032"," 14657"," 18896"," 20926"," 21850"," 23212"," 23273"," 22051"," 15077"," 11099"," 17441"," 17579"," 18987"," 20216"," 20490"," 20661"," 21437"," 21935"," 22355"," 22814"," 31301"," 31608"," 32413"," 33484"," 32567"," 30966"," 32377"," 35421"," 34469"," 35924"," 37862"," 39115"," 40856"," 42619"," 44840"," 43846"," 49120"," 49359"," 49915"," 49238"," 50485"
"2014F","CO","ESRCD"," 7.73"," 7.78"," 8.03"," 8.07"," 8.84"," 9.94"," 10.31"," 10.76"," 11.32"," 12.44"," 15"," 17.2"," 19.61"," 19.72"," 19.76"," 20.28"," 20.6"," 20.01"," 20.31"," 20.56"," 20.57"," 20.72"," 21.11"," 21.22"," 21.56"," 21.75"," 21.95"," 21.74"," 21.83"," 21.63"," 21.41"," 21.88"," 21.61"," 23.87"," 24.66"," 26.56"," 26.44"," 27.12"," 29.68"," 29.3"," 32.35"," 33.02"," 33.58"," 34.96"," 35.7"
"2014F","CO","ESRCV"," 101.8"," 111.7"," 127.9"," 143.3"," 162.4"," 174.4"," 188.2"," 202.9"," 229.7"," 272.2"," 342.5"," 498.7"," 606.6"," 640"," 584.4"," 613.3"," 623"," 629.5"," 662"," 673"," 687.1"," 713.8"," 735.8"," 771.5"," 804.6"," 839"," 889.2"," 909.6"," 942.4"," 968.9"," 1024.8"," 1080.2"," 1137.2"," 1280.5"," 1307"," 1489.5"," 1529"," 1631.7"," 1794.4"," 1740.5"," 1997.9"," 2059.2"," 2087.9"," 2210.3"," 2203.8"
"2014F","CO","ESRFB"," 280"," 317"," 334"," 300"," 396"," 379"," 368"," 382"," 348"," 232"," 270"," 1564"," 890"," 2704"," 902"," 1080"," 967"," 991"," 990"," 1269"," 1037"," 1090"," 1014"," 1152"," 1523"," 1510"," 1526"," 1651"," 1548"," 1519"," 1589"," 1832"," 1944"," 1866"," 1974"," 2005"," 2152"," 2122"," 2322"," 2459"," 2646"," 2646"," 2682"," 1099"," 1071"
"2014F","CO","ESTCD"," 6.09"," 6.13"," 6.34"," 6.49"," 7.07"," 7.95"," 8.36"," 8.74"," 9.43"," 10.64"," 12.94"," 15.13"," 17.69"," 17.75"," 17.53"," 17.88"," 17.69"," 17.12"," 17.32"," 17.48"," 17.31"," 17.49"," 17.69"," 17.78"," 17.86"," 18"," 17.8"," 17.5"," 17.51"," 17.49"," 17.27"," 17.69"," 17.65"," 19.89"," 20.44"," 22.46"," 22.37"," 22.8"," 25.25"," 24.44"," 26.9"," 27.61"," 27.63"," 29.01"," 29.52"
"2014F","CO","ESTCV"," 222.3"," 243"," 276.5"," 308"," 357.2"," 426"," 473.2"," 528.7"," 604.8"," 729"," 918.2"," 1203.8"," 1414.6"," 1415.3"," 1522"," 1608.3"," 1621.9"," 1622.8"," 1716.9"," 1775.2"," 1800.4"," 1858.1"," 1903.2"," 1978.9"," 2075.6"," 2141.9"," 2224.2"," 2244.1"," 2336.8"," 2394.9"," 2507.8"," 2638.1"," 2732.1"," 3118.2"," 3217.7"," 3660.2"," 3747.6"," 3942.8"," 4434.4"," 4196.1"," 4786.2"," 4963.2"," 4987.6"," 5258.2"," 5345.7"
"2014F","CO","ESTXD"," 6.09"," 6.13"," 6.34"," 6.49"," 7.07"," 7.95"," 8.36"," 8.74"," 9.43"," 10.64"," 12.94"," 15.13"," 17.69"," 17.75"," 17.53"," 17.88"," 17.69"," 17.12"," 17.32"," 17.48"," 17.31"," 17.49"," 17.69"," 17.78"," 17.86"," 18"," 17.8"," 17.5"," 17.51"," 17.49"," 17.27"," 17.69"," 17.65"," 19.89"," 20.44"," 22.46"," 22.37"," 22.8"," 25.25"," 24.44"," 26.9"," 27.61"," 27.63"," 29.01"," 29.52"
"2014F","CO","ESTXV"," 222.3"," 243"," 276.5"," 308"," 357.2"," 426"," 473.2"," 528.7"," 604.8"," 729"," 918.2"," 1203.8"," 1414.6"," 1415.3"," 1522"," 1608.3"," 1621.9"," 1622.8"," 1716.9"," 1775.2"," 1800.4"," 1858.1"," 1903.2"," 1978.9"," 2075.6"," 2141.9"," 2224.2"," 2244.1"," 2336.8"," 2394.9"," 2507.8"," 2638.1"," 2732.1"," 3118.2"," 3217.7"," 3660.2"," 3747.6"," 3942.8"," 4434.4"," 4196.1"," 4786.2"," 4963.2"," 4987.6"," 5258.2"," 5345.7"
"2014F","CO","FNICD"," 0"," 0"," 0"," 0"," 0"," 0"," 0"," 0"," 0"," 0"," 0"," 0"," 0"," 0"," 0"," 0"," 0"," 0"," 0"," 0"," 0"," 0"," 0"," 0"," 0"," 0"," 0"," 0"," 0"," 0"," 0"," 0"," 0"," 0"," 0"," 0"," 0"," 0"," 0"," 0"," 0"," 0"," 0"," 0"," 0"
"2014F","CO","FNICV"," 0"," 0"," 0"," 0"," 0"," 0"," 0"," 0"," 0"," 0"," 0"," 0"," 0"," 0"," 0"," 0"," 0"," 0"," 0"," 0"," 0"," 0"," 0"," 0"," 0"," 0"," 0"," 0"," 0"," 0"," 0"," 0"," 0"," 0"," 0"," 0"," 0"," 0"," 0"," 0"," 0"," 0"," 0"," 0"," 0"
"2014F","CO","FOICD"," 0"," 0"," 0"," 0"," 0"," 0"," 0"," 0"," 0"," 0"," 0"," 0"," 0"," 0"," 0"," 0"," 0"," 0"," 0"," 0"," 0"," 0"," 0"," 0"," 0"," 0"," 0"," 0"," 0"," 0"," 0"," 0"," 0"," 0"," 0"," 0"," 0"," 0"," 0"," 0"," 0"," 0"," 0"," 0"," 0"
"2014F","CO","FOICV"," 0"," 0"," 0"," 0"," 0"," 0"," 0"," 0"," 0"," 0"," 0"," 0"," 0"," 0"," 0"," 0"," 0"," 0"," 0"," 0"," 0"," 0"," 0"," 0"," 0"," 0"," 0"," 0"," 0"," 0"," 0"," 0"," 0"," 0"," 0"," 0"," 0"," 0"," 0"," 0"," 0"," 0"," 0"," 0"," 0"
"2014F","CO","FSICD"," .43"," .46"," .48"," .53"," 1.15"," 1.31"," 1.38"," 1.66"," 1.19"," 2.88"," 4.04"," 4.46"," 2.72"," 3.67"," 3.62"," 3.39"," 0"," 0"," 0"," 0"," 0"," 0"," 0"," 0"," 0"," 0"," 0"," 0"," 0"," 0"," 0"," 0"," 0"," 0"," 0"," 0"," 0"," 0"," 0"," 0"," 0"," 0"," 0"," 0"," 0"
"2014F","CO","FSICV"," .1"," .2"," .2"," .1"," .3"," .5"," .5"," .7"," .3"," .6"," 1.3"," 1"," .6"," 1"," 1.4"," 1.2"," 0"," 0"," 0"," 0"," 0"," 0"," 0"," 0"," 0"," 0"," 0"," 0"," 0"," 0"," 0"," 0"," 0"," 0"," 0"," 0"," 0"," 0"," 0"," 0"," 0"," 0"," 0"," 0"," 0"
"2014F","CO","GDPRV",,,,,,,,,,,,,,,,,,,,,,,,,,,," 136296"," 149057"," 162273"," 178331"," 185264"," 189464"," 195704"," 205347"," 222415"," 233142"," 245169"," 255395"," 249975"," 257810"," 266450"," 276040"," 286812"," 305871"
"2014F","CO","JFACD"," .76"," .8"," .79"," .94"," 1.62"," 2.12"," 2.32"," 2.71"," 2.92"," 4.08"," 6.59"," 7.67"," 7.38"," 6.47"," 6.3"," 5.94"," 3.92"," 4.05"," 3.78"," 4.3"," 5.59"," 4.87"," 4.47"," 4.25"," 3.99"," 4.04"," 4.87"," 4.64"," 3.52"," 4.06"," 6.67"," 5.93"," 5.5"," 6.83"," 8.73"," 12.72"," 14.94"," 16.27"," 22.69"," 12.54"," 16.2"," 22.41"," 23.04"," 22.35"," 20.94"
"2014F","CO","JFACV"," 32"," 34.6"," 34.8"," 41.1"," 67.5"," 85.7"," 101.4"," 121.1"," 136.9"," 139.5"," 175.9"," 238"," 231.7"," 224.2"," 302.9"," 264.1"," 178.8"," 192"," 138"," 129.8"," 193"," 179.5"," 186"," 215.6"," 178.8"," 169.9"," 214.5"," 188.7"," 135.6"," 179.5"," 286.6"," 259.3"," 222.5"," 218.9"," 611.2"," 888.4"," 1100.2"," 1248.4"," 1693.3"," 770.9"," 1034.2"," 1306.2"," 1384.7"," 1196.6"," 1102.4"
"2014F","CO","JFTCD"," .76"," .8"," .79"," .94"," 1.62"," 2.12"," 2.32"," 2.71"," 2.92"," 4.08"," 6.59"," 7.67"," 7.38"," 6.47"," 6.3"," 5.94"," 3.92"," 4.05"," 3.78"," 4.3"," 5.59"," 4.87"," 4.47"," 4.25"," 3.99"," 4.04"," 4.87"," 4.64"," 3.52"," 4.06"," 6.67"," 5.93"," 5.5"," 6.83"," 8.73"," 12.72"," 14.94"," 16.27"," 22.69"," 12.54"," 16.2"," 22.41"," 23.04"," 22.35"," 20.94"
"2014F","CO","JFTCV"," 32"," 34.6"," 34.8"," 41.1"," 67.5"," 85.7"," 101.4"," 121.1"," 136.9"," 139.5"," 175.9"," 238"," 231.7"," 224.2"," 302.9"," 264.1"," 178.8"," 192"," 138"," 129.8"," 193"," 179.5"," 186"," 215.6"," 178.8"," 169.9"," 214.5"," 188.7"," 135.6"," 179.5"," 286.6"," 259.3"," 222.5"," 218.9"," 611.2"," 888.4"," 1100.2"," 1248.4"," 1693.3"," 770.9"," 1034.2"," 1306.2"," 1384.7"," 1196.6"," 1102.4"
"2014F","CO","JFTXD"," .76"," .8"," .79"," .94"," 1.62"," 2.12"," 2.32"," 2.71"," 2.92"," 4.08"," 6.59"," 7.67"," 7.38"," 6.47"," 6.3"," 5.94"," 3.92"," 4.05"," 3.78"," 4.3"," 5.59"," 4.87"," 4.47"," 4.25"," 3.99"," 4.04"," 4.87"," 4.64"," 3.52"," 4.06"," 6.67"," 5.93"," 5.5"," 6.83"," 8.73"," 12.72"," 14.94"," 16.27"," 22.69"," 12.54"," 16.2"," 22.41"," 23.04"," 22.35"," 20.94"
"2014F","CO","JFTXV"," 32"," 34.6"," 34.8"," 41.1"," 67.5"," 85.7"," 101.4"," 121.1"," 136.9"," 139.5"," 175.9"," 238"," 231.7"," 224.2"," 302.9"," 264.1"," 178.8"," 192"," 138"," 129.8"," 193"," 179.5"," 186"," 215.6"," 178.8"," 169.9"," 214.5"," 188.7"," 135.6"," 179.5"," 286.6"," 259.3"," 222.5"," 218.9"," 611.2"," 888.4"," 1100.2"," 1248.4"," 1693.3"," 770.9"," 1034.2"," 1306.2"," 1384.7"," 1196.6"," 1102.4"
"2014F","CO","KSCCD"," .89"," .88"," .87"," 1.15"," 1.94"," 2.11"," 2.32"," 2.34"," 2.58"," 2.9"," 5.65"," 6.11"," 4.82"," 7.94"," 7.9"," 8.54"," 4.62"," 4.62"," 4.31"," 4.51"," 5.87"," 7.18"," 6.75"," 6.84"," 5.84"," 6.04"," 6.79"," 7.1"," 6.15"," 7.25"," 8.95"," 8.84"," 8.89"," 9.76"," 10.88"," 14.93"," 20.88"," 22.88"," 28.37"," 23.68"," 25.39"," 26.09"," 27.33"," 27.02"," 26.88"
"2014F","CO","KSCCV"," .7"," .5"," .4"," .5"," .6"," .6"," .6"," .6"," .8"," .5"," .2"," .3"," .6"," 1.2"," .3"," .8"," .4"," .7"," .3"," 4"," .3"," .4"," .3"," .3"," .1"," .2"," .2"," .2"," .3"," .4"," .4"," .5"," .5"," .6"," .7"," 2.6"," 1.9"," .6"," .4"," .5"," .7"," .5"," .2"," .3"," .2"
"2014F","CO","KSICD"," .89"," .88"," .87"," 1.15"," 1.94"," 2.11"," 2.32"," 2.34"," 2.58"," 2.9"," 5.65"," 6.11"," 4.82"," 7.14"," 7.07"," 7.01"," 5.23"," 5.24"," 4.14"," 4.91"," 6.44"," 5.91"," 5.55"," 5.65"," 4.8"," 5.06"," 6"," 5.8"," 4.33"," 5.7"," 7.93"," 6.69"," 6.4"," 7.97"," 9.75"," 12.67"," 18.03"," 20.21"," 25.62"," 16.57"," 20.66"," 23.57"," 24.32"," 23.71"," 22.16"
"2014F","CO","KSICV"," 2.8"," 2.3"," 2.4"," 2.8"," 2.6"," 2.3"," 2.1"," 2.3"," 3.9"," 3.6"," 12.3"," 5.1"," 1.9"," .7"," .2"," 1.1"," .6"," .9"," .9"," .8"," .7"," .6"," .2"," .4"," .1"," .1"," .2"," .2"," .3"," .2"," .2"," .2"," .4"," .1"," .3"," .4"," .6"," .4"," .3"," .1"," .1"," .1"," 0"," 0"," 0"
"2014F","CO","KSRCD"," 1.51"," 1.54"," 1.56"," 1.83"," 2.87"," 2.96"," 3.2"," 3.58"," 3.81"," 5.34"," 7.98"," 9.78"," 9.78"," 7.94"," 7.9"," 8.54"," 4.62"," 4.62"," 4.31"," 4.51"," 5.87"," 7.18"," 6.75"," 6.84"," 5.84"," 6.04"," 6.79"," 7.1"," 6.15"," 7.25"," 8.95"," 8.84"," 8.89"," 9.76"," 10.88"," 14.93"," 20.88"," 22.88"," 28.37"," 23.68"," 25.39"," 26.09"," 27.33"," 27.02"," 26.88"
"2014F","CO","KSRCV"," 1"," .7"," .6"," .6"," .6"," .6"," .7"," .7"," .9"," .8"," 1"," 3.3"," 9.4"," 10.1"," 3"," 2.4"," .8"," .7"," .8"," 1.1"," .7"," 1"," 1.4"," 1.3"," 1.3"," .7"," .8"," .8"," .8"," .7"," 1.5"," .9"," .5"," 2"," 2.8"," 3"," 1.9"," .8"," .6"," 1"," .9"," .3"," .1"," .3"," .1"
"2014F","CO","KSTCD"," .98"," .96"," .94"," 1.22"," 2.05"," 2.22"," 2.45"," 2.52"," 2.73"," 3.12"," 5.78"," 7.14"," 8.04"," 7.88"," 7.85"," 8.08"," 4.81"," 4.83"," 4.23"," 4.56"," 6.08"," 6.77"," 6.58"," 6.58"," 5.76"," 5.88"," 6.64"," 6.87"," 5.69"," 6.94"," 8.83"," 8.48"," 7.99"," 9.65"," 10.79"," 14.76"," 20.42"," 22.21"," 27.69"," 23.12"," 25.09"," 25.76"," 26.93"," 26.9"," 26.6"
"2014F","CO","KSTCV"," 4.5"," 3.5"," 3.4"," 4"," 3.8"," 3.5"," 3.5"," 3.6"," 5.7"," 4.9"," 13.5"," 8.7"," 11.9"," 12"," 3.5"," 4.2"," 1.7"," 2.3"," 2"," 5.8"," 1.7"," 2"," 1.9"," 2"," 1.6"," 1"," 1.2"," 1.1"," 1.4"," 1.3"," 2.1"," 1.6"," 1.3"," 2.7"," 3.8"," 6"," 4.5"," 1.8"," 1.4"," 1.6"," 1.6"," .9"," .3"," .6"," .4"
"2014F","CO","KSTXD"," .98"," .96"," .94"," 1.22"," 2.05"," 2.22"," 2.45"," 2.52"," 2.73"," 3.12"," 5.78"," 7.14"," 8.04"," 7.88"," 7.85"," 8.08"," 4.81"," 4.83"," 4.23"," 4.56"," 6.08"," 6.77"," 6.58"," 6.58"," 5.76"," 5.88"," 6.64"," 6.87"," 5.69"," 6.94"," 8.83"," 8.48"," 7.99"," 9.65"," 10.79"," 14.76"," 20.42"," 22.21"," 27.69"," 23.12"," 25.09"," 25.76"," 26.93"," 26.9"," 26.6"
"2014F","CO","KSTXV"," 4.5"," 3.5"," 3.4"," 4"," 3.8"," 3.5"," 3.5"," 3.6"," 5.7"," 4.9"," 13.5"," 8.7"," 11.9"," 12"," 3.5"," 4.2"," 1.7"," 2.3"," 2"," 5.8"," 1.7"," 2"," 1.9"," 2"," 1.6"," 1"," 1.2"," 1.1"," 1.4"," 1.3"," 2.1"," 1.6"," 1.3"," 2.7"," 3.8"," 6"," 4.5"," 1.8"," 1.4"," 1.6"," 1.6"," .9"," .3"," .6"," .4"
"2014F","CO","LGACD"," 1.17"," 1.21"," 1.26"," 1.44"," 2.6"," 2.51"," 2.78"," 3.24"," 3.68"," 3.82"," 4.58"," 6.08"," 5.94"," 6.39"," 5.84"," 7.61"," 7.11"," 6.58"," 6.69"," 8.31"," 8.11"," 11.68"," 11.8"," 11.24"," 11.41"," 11.22"," 12.37"," 11.77"," 10.55"," 12.19"," 15.03"," 16.51"," 14.53"," 16.78"," 18.23"," 20.53"," 22.26"," 24.68"," 29.19"," 23.24"," 26.57"," 30.9"," 25.94"," 27.9"," 28.46"
"2014F","CO","LGACV"," .6"," .8"," 1.1"," 1.2"," 1.8"," 1.8"," 2.2"," 2.6"," 3.3"," .7"," .8"," 2.4"," 1.7"," 2.2"," 2.3"," 2"," 1.6"," 1"," 1.4"," 1.9"," 2.3"," 3.7"," 3.1"," 3.6"," 6.1"," 3"," 3.3"," 1.4"," 1"," 3.3"," 3.3"," 3.8"," 2.9"," 3.6"," 5.4"," 6.1"," 6.8"," 4.5"," 12.2"," 5.9"," 7.1"," 8.2"," 8.1"," 14.6"," 27.3"
"2014F","CO","LGCCD"," 1.17"," 1.21"," 1.26"," 1.44"," 2.6"," 2.51"," 2.78"," 3.24"," 3.68"," 3.82"," 4.58"," 6.08"," 5.94"," 6.39"," 5.84"," 5.92"," 4.98"," 4.01"," 4.13"," 5.8"," 5.77"," 8.42"," 8.27"," 7.57"," 8.07"," 7.8"," 9.6"," 10.07"," 8.94"," 8.68"," 11.65"," 12.75"," 9.89"," 11.57"," 14.13"," 16.76"," 19.5"," 21.94"," 25.08"," 19.63"," 19.83"," 21.42"," 19.09"," 20.18"," 21.56"
"2014F","CO","LGCCV"," 2.5"," 2.7"," 3.2"," 3.6"," 5.4"," 4.9"," 5.8"," 6.3"," 8.9"," 2.9"," 5.3"," 8.6"," 9.2"," 12.2"," 5.2"," 5.6"," 4.6"," 4"," 4"," 6.3"," 6.7"," 11"," 9.6"," 9.2"," 9.7"," 11.7"," 13.8"," 2.3"," 1"," 12"," 22.5"," 23.1"," 18.2"," 34.2"," 40.9"," 42.2"," 28"," 37.8"," 56.5"," 33.7"," 37.6"," 60.1"," 38.4"," 41.4"," 48.7"
"2014F","CO","LGICD"," 1.2"," 1.25"," 1.3"," 1.49"," 2.72"," 2.64"," 2.93"," 3.47"," 3.94"," 4.03"," 4.84"," 6.49"," 6.4"," 6.91"," 6.32"," 6.4"," 5.32"," 4.26"," 4.39"," 6.11"," 6.21"," 9.09"," 8.88"," 8.19"," 7.34"," 7.27"," 9.04"," 9.01"," 7.78"," 8.78"," 12.07"," 13.27"," 10.78"," 13.32"," 15.35"," 18.68"," 21.56"," 24.07"," 28.7"," 25.16"," 25.47"," 28.05"," 26.85"," 27.34"," 28.39"
"2014F","CO","LGICV"," 3.6"," 4.1"," 5.7"," 6.7"," 13.4"," 13.6"," 17"," 20.7"," 21.2"," 36.8"," 32.4"," 27"," 42.1"," 32.8"," 13.2"," 12"," 8.4"," 7.4"," 13.3"," 36.6"," 19.8"," 33.7"," 31.4"," 35.8"," 30"," 33.2"," 43.3"," 48.3"," 30.9"," 16.3"," 131.3"," 156"," 90.2"," 109.7"," 166.8"," 96.8"," 276.1"," 208.3"," 52.2"," 24.6"," 42.9"," 31.3"," 37.6"," 50.8"," 48.2"
"2014F","CO","LGISB"," 2998"," 3324"," 4411"," 4524"," 4915"," 5151"," 5793"," 5964"," 5369"," 9135"," 6702"," 4153"," 6574"," 4751"," 2090"," 1869"," 1580"," 1744"," 3035"," 5992"," 3190"," 3701"," 3536"," 4367"," 4094"," 4562"," 4792"," 5355"," 3968"," 1858"," 10877"," 11759"," 8368"," 8230"," 10864"," 5184"," 12805"," 8651"," 1817"," 978"," 1685"," 1116"," 1401"," 1859"," 1697"
"2014F","CO","LGRCD"," 1.77"," 1.74"," 1.81"," 3.36"," 2.8"," 3.33"," 3.84"," 4.07"," 4.39"," 6.04"," 7.32"," 7.68"," 9.24"," 8.46"," 9.06"," 6.55"," 6.81"," 5.18"," 2.51"," 6.11"," 7.02"," 7.32"," 7.66"," 6.13"," 8.73"," 8.47"," 10.4"," 10.19"," 8.63"," 8.69"," 11.84"," 13.02"," 11.17"," 13.23"," 15.15"," 17.31"," 19.56"," 21.5"," 25.78"," 20.98"," 22.45"," 26.46"," 21.93"," 23.72"," 25.98"
"2014F","CO","LGRCV"," 20.8"," 21.8"," 26"," 46.8"," 32.2"," 36.5"," 44.9"," 44.2"," 59.4"," 26"," 46.8"," 60.6"," 80.1"," 89.8"," 44.8"," 34.8"," 35.3"," 29.2"," 13.5"," 37.3"," 45.6"," 53.2"," 49.6"," 41.5"," 58.7"," 70.9"," 83.5"," 12.9"," 5.6"," 66.9"," 127.9"," 131.5"," 114.6"," 192.2"," 187.2"," 223.8"," 200.5"," 250.3"," 356.4"," 259.1"," 277.7"," 312.6"," 248.1"," 317"," 294.8"
"2014F","CO","LGRFB"," 560"," 559"," 445"," 388"," 224"," 310"," 193"," 165"," 283"," 95"," 54"," 101"," 125"," 326"," 301"," 333"," 242"," 303"," 571"," 586"," 285"," 573"," 481"," 183"," 151"," 57"," 29"," 110"," 253"," 52"," 123"," 97"," 105"," 142"," 211"," 506"," 40"," 29"," 75"," 157"," 176"," 35"," 77"," 153"," 80"
"2014F","CO","LGTCD"," 1.58"," 1.57"," 1.63"," 2.68"," 2.75"," 3.02"," 3.43"," 3.77"," 4.17"," 4.62"," 5.92"," 7.11"," 7.79"," 7.78"," 7.87"," 6.48"," 6.31"," 4.88"," 3.36"," 6.12"," 6.69"," 8.07"," 8.19"," 7.11"," 8.33"," 8.08"," 9.91"," 9.31"," 7.98"," 8.79"," 11.96"," 13.16"," 10.93"," 13.1"," 15.16"," 17.63"," 20.62"," 22.56"," 26.06"," 21.13"," 22.53"," 25.76"," 22.09"," 23.81"," 25.76"
"2014F","CO","LGTCV"," 27.5"," 29.5"," 36.1"," 58.3"," 52.8"," 56.8"," 69.9"," 73.8"," 92.8"," 66.4"," 85.3"," 98.6"," 133.1"," 137"," 65.5"," 54.4"," 50"," 41.7"," 32.2"," 82.2"," 74.4"," 101.6"," 93.7"," 90"," 104.5"," 118.8"," 144"," 64.8"," 38.6"," 98.5"," 284.9"," 314.4"," 225.9"," 339.6"," 400.3"," 368.9"," 511.4"," 500.9"," 477.3"," 323.2"," 365.4"," 412.2"," 332.3"," 423.8"," 419"
"2014F","CO","LGTXD"," 1.58"," 1.57"," 1.63"," 2.68"," 2.75"," 3.02"," 3.43"," 3.77"," 4.17"," 4.62"," 5.92"," 7.11"," 7.79"," 7.78"," 7.87"," 6.48"," 6.31"," 4.88"," 3.36"," 6.12"," 6.69"," 8.07"," 8.19"," 7.11"," 8.33"," 8.08"," 9.91"," 9.31"," 7.98"," 8.79"," 11.96"," 13.16"," 10.93"," 13.1"," 15.16"," 17.63"," 20.62"," 22.56"," 26.06"," 21.13"," 22.53"," 25.76"," 22.09"," 23.81"," 25.76"
"2014F","CO","LGTXV"," 27.5"," 29.5"," 36.1"," 58.3"," 52.8"," 56.8"," 69.9"," 73.8"," 92.8"," 66.4"," 85.3"," 98.6"," 133.1"," 137"," 65.5"," 54.4"," 50"," 41.7"," 32.2"," 82.2"," 74.4"," 101.6"," 93.7"," 90"," 104.5"," 118.8"," 144"," 64.8"," 38.6"," 98.5"," 284.9"," 314.4"," 225.9"," 339.6"," 400.3"," 368.9"," 511.4"," 500.9"," 477.3"," 323.2"," 365.4"," 412.2"," 332.3"," 423.8"," 419"
"2014F","CO","LUACD"," 5.08"," 5.27"," 5.58"," 5.33"," 7.22"," 7.48"," 7.05"," 6.97"," 7.6"," 10.21"," 14.36"," 18"," 17.25"," 17.42"," 18.14"," 18.18"," 18.02"," 17.04"," 18.18"," 18.9"," 20.61"," 22.58"," 22.49"," 22.37"," 21.71"," 21.75"," 21.63"," 21.82"," 21.44"," 23.04"," 23.2"," 24.51"," 26.7"," 28.94"," 30.11"," 35.22"," 43.88"," 47.16"," 55.12"," 56.07"," 58.8"," 69.54"," 72.11"," 69.42"," 69.44"
"2014F","CO","LUACV"," 8.8"," 9.1"," 10.4"," 10.8"," 14.1"," 13.7"," 14.4"," 17"," 19.9"," 28"," 35.1"," 42.1"," 36.8"," 38.9"," 43.2"," 40.4"," 39.1"," 41.8"," 43"," 45.9"," 51.5"," 50.5"," 51.3"," 51.9"," 52.7"," 51.9"," 50.1"," 53.3"," 54.9"," 59.6"," 59.1"," 57.2"," 61.6"," 61.7"," 65"," 75.7"," 91.9"," 101.9"," 110.6"," 101.2"," 117.9"," 132.3"," 126.2"," 128.6"," 134.1"
"2014F","CO","LUICD"," 5.08"," 5.27"," 5.58"," 5.33"," 7.22"," 7.48"," 7.05"," 6.97"," 7.6"," 10.21"," 14.36"," 18"," 17.25"," 17.42"," 18.14"," 18.18"," 18.02"," 17.04"," 18.18"," 18.9"," 20.61"," 22.58"," 22.49"," 22.37"," 21.71"," 21.75"," 21.63"," 21.82"," 21.44"," 23.04"," 23.2"," 24.51"," 26.7"," 28.94"," 30.11"," 35.22"," 43.88"," 47.16"," 55.12"," 56.07"," 58.8"," 69.54"," 72.11"," 69.42"," 69.44"
"2014F","CO","LUICV"," 4.2"," 4.8"," 5.4"," 3.9"," 5.1"," 7.1"," 7.4"," 10.1"," 11.8"," 16.6"," 20.8"," 25"," 21.8"," 23.1"," 25.6"," 23.9"," 23.2"," 24.8"," 25.5"," 27.2"," 30.5"," 29.9"," 30.4"," 30.8"," 31.2"," 30.7"," 29.7"," 31.6"," 32.5"," 35.3"," 35"," 33.9"," 36.5"," 36.6"," 38.5"," 44.8"," 54.4"," 60.4"," 65.5"," 59.9"," 69.8"," 78.4"," 74.8"," 76.2"," 79.5"
"2014F","CO","LUTCD"," 5.08"," 5.27"," 5.58"," 5.33"," 7.22"," 7.48"," 7.05"," 6.97"," 7.6"," 10.21"," 14.36"," 18"," 17.25"," 17.42"," 18.14"," 18.18"," 18.02"," 17.04"," 18.18"," 18.9"," 20.61"," 22.58"," 22.49"," 22.37"," 21.71"," 21.75"," 21.63"," 21.82"," 21.44"," 23.04"," 23.2"," 24.51"," 26.7"," 28.94"," 30.11"," 35.22"," 43.88"," 47.16"," 55.12"," 56.07"," 58.8"," 69.54"," 72.11"," 69.42"," 69.44"
"2014F","CO","LUTCV"," 13"," 13.9"," 15.8"," 14.7"," 19.2"," 20.8"," 21.7"," 27.1"," 31.7"," 44.6"," 55.8"," 67.1"," 58.6"," 62"," 68.9"," 64.3"," 62.3"," 66.6"," 68.6"," 73.1"," 82"," 80.4"," 81.6"," 82.7"," 83.9"," 82.6"," 79.7"," 84.9"," 87.4"," 94.9"," 94.1"," 91.1"," 98.1"," 98.3"," 103.6"," 120.5"," 146.3"," 162.3"," 176.2"," 161.1"," 187.7"," 210.7"," 201"," 204.7"," 213.6"
"2014F","CO","LUTXD"," 5.08"," 5.27"," 5.58"," 5.33"," 7.22"," 7.48"," 7.05"," 6.97"," 7.6"," 10.21"," 14.36"," 18"," 17.25"," 17.42"," 18.14"," 18.18"," 18.02"," 17.04"," 18.18"," 18.9"," 20.61"," 22.58"," 22.49"," 22.37"," 21.71"," 21.75"," 21.63"," 21.82"," 21.44"," 23.04"," 23.2"," 24.51"," 26.7"," 28.94"," 30.11"," 35.22"," 43.88"," 47.16"," 55.12"," 56.07"," 58.8"," 69.54"," 72.11"," 69.42"," 69.44"
"2014F","CO","LUTXV"," 13"," 13.9"," 15.8"," 14.7"," 19.2"," 20.8"," 21.7"," 27.1"," 31.7"," 44.6"," 55.8"," 67.1"," 58.6"," 62"," 68.9"," 64.3"," 62.3"," 66.6"," 68.6"," 73.1"," 82"," 80.4"," 81.6"," 82.7"," 83.9"," 82.6"," 79.7"," 84.9"," 87.4"," 94.9"," 94.1"," 91.1"," 98.1"," 98.3"," 103.6"," 120.5"," 146.3"," 162.3"," 176.2"," 161.1"," 187.7"," 210.7"," 201"," 204.7"," 213.6"
"2014F","CO","MGACD"," 2.72"," 2.93"," 2.81"," 3.11"," 4.2"," 4.67"," 4.9"," 5.13"," 5.05"," 6.85"," 9.36"," 10.23"," 10.15"," 9.02"," 8.99"," 9.28"," 6.76"," 7.59"," 7.34"," 8.13"," 9.29"," 9.23"," 9.56"," 9.65"," 9.88"," 9.77"," 10.46"," 10.53"," 8.92"," 9.72"," 12.39"," 12.4"," 11.39"," 12.71"," 14.92"," 18.3"," 20.7"," 22.93"," 25.99"," 18.57"," 21.94"," 27.93"," 28.64"," 28.15"," 27.52"
"2014F","CO","MGACV"," 356"," 407.9"," 426.5"," 496.3"," 655.2"," 758.5"," 822.7"," 894.7"," 955.3"," 1237.6"," 1636.1"," 1814.1"," 1824.2"," 1555.7"," 1546.1"," 1706"," 1270.6"," 1413.8"," 1377.8"," 1484.9"," 1703"," 1689.9"," 1764.9"," 1886.4"," 2001.9"," 2078.1"," 2300.4"," 2362.3"," 2055.9"," 2347.1"," 3019.9"," 3130.1"," 2841.5"," 3133.5"," 3832.8"," 4746.3"," 5395.3"," 6073.1"," 6613.7"," 4710"," 5587"," 6993.1"," 7173.9"," 7218"," 7134.3"
"2014F","CO","MGCCD"," 2.72"," 2.93"," 2.81"," 3.11"," 4.2"," 4.67"," 4.9"," 5.13"," 5.05"," 6.85"," 9.36"," 10.23"," 10.15"," 9.02"," 8.99"," 9.28"," 6.76"," 7.59"," 7.34"," 8.13"," 9.29"," 9.23"," 9.56"," 9.65"," 9.88"," 9.77"," 10.46"," 10.53"," 8.92"," 9.72"," 12.39"," 12.4"," 11.39"," 12.71"," 14.92"," 18.3"," 20.7"," 22.93"," 25.99"," 18.57"," 21.94"," 27.93"," 28.64"," 28.15"," 27.52"
"2014F","CO","MGCCV"," 1.8"," 2.4"," 2"," 2.5"," 2.5"," 2.7"," 3"," 3.2"," 3.1"," 4.9"," 15.4"," 15.5"," 16.8"," 13.4"," 16.9"," 8.6"," 6.8"," 7.6"," 6.8"," 7"," 12.9"," 16.3"," 8.1"," 1.8"," 2.7"," 3"," 14.5"," 2"," 1.8"," 8.4"," 8.3"," 2.6"," 2.4"," 2.7"," 3.2"," 3.9"," 4.5"," 5.1"," 5.7"," 4"," 4.7"," 6.1"," 6.3"," 6.4"," 6"
"2014F","CO","MGICD"," 2.72"," 2.93"," 2.81"," 3.11"," 4.2"," 4.67"," 4.9"," 5.13"," 5.05"," 6.85"," 9.36"," 10.23"," 10.15"," 9.02"," 8.99"," 9.28"," 6.76"," 7.59"," 7.34"," 8.13"," 9.29"," 9.23"," 9.56"," 9.65"," 9.88"," 9.77"," 10.46"," 10.53"," 8.92"," 9.72"," 12.39"," 12.4"," 11.39"," 12.71"," 14.92"," 18.3"," 20.7"," 22.93"," 25.99"," 18.57"," 21.94"," 27.93"," 28.64"," 28.15"," 27.52"
"2014F","CO","MGICV"," 14.8"," 15.7"," 14.4"," 15.9"," 21.2"," 21.1"," 22.6"," 26.5"," 20.5"," 26.3"," 34.2"," 31.9"," 31.1"," 23.8"," 23.8"," 28.3"," 19.7"," 21.2"," 18.4"," 21.6"," 19.9"," 24.4"," 24.8"," 25.4"," 30.1"," 27.6"," 34.5"," 37.4"," 29.1"," 28.6"," 35.3"," 75.7"," 73"," 83.8"," 108.7"," 131.1"," 154.8"," 95.7"," 85.7"," 60.7"," 105.3"," 133.6"," 125.7"," 120.8"," 104.1"
"2014F","CO","MGTCD"," 2.72"," 2.93"," 2.81"," 3.11"," 4.2"," 4.67"," 4.9"," 5.13"," 5.05"," 6.85"," 9.36"," 10.23"," 10.15"," 9.02"," 8.99"," 9.28"," 6.76"," 7.59"," 7.34"," 8.13"," 9.29"," 9.23"," 9.56"," 9.65"," 9.88"," 9.77"," 10.46"," 10.53"," 8.92"," 9.72"," 12.39"," 12.4"," 11.39"," 12.71"," 14.92"," 18.3"," 20.7"," 22.93"," 25.99"," 18.57"," 21.94"," 27.93"," 28.64"," 28.15"," 27.52"
"2014F","CO","MGTCV"," 372.5"," 425.9"," 442.9"," 514.7"," 678.9"," 782.3"," 848.4"," 924.4"," 978.9"," 1268.8"," 1685.6"," 1861.5"," 1872.1"," 1592.9"," 1586.8"," 1742.8"," 1297.1"," 1442.6"," 1403"," 1513.4"," 1735.8"," 1730.6"," 1797.8"," 1913.6"," 2034.6"," 2108.7"," 2349.3"," 2401.7"," 2086.7"," 2384.1"," 3063.4"," 3208.4"," 2916.9"," 3220"," 3944.7"," 4881.3"," 5554.7"," 6174"," 6705.1"," 4774.8"," 5696.9"," 7132.8"," 7305.9"," 7345.1"," 7244.4"
"2014F","CO","MGTPV"," 167.6"," 184.9"," 184.2"," 206.2"," 267.1"," 302.5"," 322.3"," 342.9"," 353.8"," 445.3"," 579.5"," 625.1"," 611.5"," 508.3"," 500.6"," 543.2"," 400.6"," 442.5"," 430.1"," 462"," 524.8"," 510.9"," 514.3"," 529.5"," 546.3"," 551.1"," 599.3"," 597.7"," 506.9"," 564.2"," 708"," 724.9"," 649.6"," 711"," 862.2"," 1053.9"," 1176.7"," 1285.2"," 1371.3"," 960.3"," 1128.5"," 1393.3"," 1407.2"," 1393.5"," 1352.7"
"2014F","CO","MGTXD"," 2.72"," 2.93"," 2.81"," 3.11"," 4.2"," 4.67"," 4.9"," 5.13"," 5.05"," 6.85"," 9.36"," 10.23"," 10.15"," 9.02"," 8.99"," 9.28"," 6.76"," 7.59"," 7.34"," 8.13"," 9.29"," 9.23"," 9.56"," 9.65"," 9.88"," 9.77"," 10.46"," 10.53"," 8.92"," 9.72"," 12.39"," 12.4"," 11.39"," 12.71"," 14.92"," 18.3"," 20.7"," 22.93"," 25.99"," 18.57"," 21.94"," 27.93"," 28.64"," 28.15"," 27.52"
"2014F","CO","MGTXV"," 372.5"," 425.9"," 442.9"," 514.7"," 678.9"," 782.3"," 848.4"," 924.4"," 978.9"," 1268.8"," 1685.6"," 1861.5"," 1872.1"," 1592.9"," 1586.8"," 1742.8"," 1297.1"," 1442.6"," 1403"," 1513.4"," 1735.8"," 1730.6"," 1797.8"," 1913.6"," 2034.6"," 2108.7"," 2349.3"," 2401.7"," 2086.7"," 2384.1"," 3063.4"," 3208.4"," 2916.9"," 3220"," 3944.7"," 4881.3"," 5554.7"," 6174"," 6705.1"," 4774.8"," 5696.9"," 7132.8"," 7305.9"," 7345.1"," 7244.4"
"2014F","CO","MSICD"," 1.12"," 1.18"," 1.18"," 1.37"," 2.99"," 3.85"," 4.55"," 4.99"," 5.2"," 7.4"," 7.57"," 9.51"," 8.6"," 7.82"," 7.72"," 9.17"," 0"," 0"," 0"," 0"," 0"," 0"," 0"," 0"," 0"," 0"," 6.65"," 6.11"," 4.02"," 5.62"," 9.07"," 7.36"," 7.73"," 9.16"," 11.87"," 16.12"," 19.33"," 21.8"," 30.4"," 19.03"," 24.61"," 32.69"," 32.39"," 32.25"," 29.53"
"2014F","CO","MSICV"," .2"," .1"," .1"," .1"," .3"," .6"," 2.7"," 3.3"," 3"," 4"," 3.9"," 2.2"," 1.8"," 1.4"," 1.2"," 1.5"," 0"," 0"," 0"," 0"," 0"," 0"," 0"," 0"," 0"," 0"," .3"," .3"," .3"," .3"," .6"," .5"," .6"," .7"," .8"," 1.1"," 1.6"," 1.8"," 2.7"," 1.8"," 2.4"," 3.4"," 3.3"," 8.3"," 8.1"
"2014F","CO","NGACD"," 0"," 0"," 0"," 0"," 0"," 0"," 0"," 0"," 0"," 0"," 0"," 0"," 0"," 0"," 0"," 0"," 0"," 0"," 0"," 0"," 3.47"," 3.34"," 3.38"," 2.68"," 3.55"," 1.49"," 2.09"," 2.43"," 2.08"," 2.09"," 3.96"," 4.24"," 3.54"," 4.12"," 5.95"," 7.95"," 5.16"," 8.49"," 13.36"," 8.99"," 10.61"," 9.27"," 11.22"," 11.16"," 11.74"
"2014F","CO","NGACV"," 0"," 0"," 0"," 0"," 0"," 0"," 0"," 0"," 0"," 0"," 0"," 0"," 0"," 0"," 0"," 0"," 0"," 0"," 0"," 0"," 0"," .1"," .3"," .3"," .5"," .3"," .5"," .9"," .8"," 1"," 2"," 2.5"," 2.1"," 3"," 4.9"," 1.4"," .8"," 1.2"," 1.6"," 2.3"," 2.7"," 2.7"," 3.3"," 3.1"," 3.9"
"2014F","CO","NGCCD"," .59"," .61"," .64"," .7"," .85"," 1.1"," 1.21"," 1.58"," 2"," 2.6"," 3.03"," 3.86"," 4.56"," 5.01"," 4.76"," 4.61"," 4.41"," 4.15"," 3.83"," 4"," 3.98"," 3.93"," 3.93"," 4"," 4.37"," 4.17"," 3.61"," 4.02"," 4.31"," 4.55"," 5.38"," 7.67"," 4.78"," 5.87"," 7.43"," 9.13"," 9.33"," 7.88"," 8.87"," 7.45"," 7.45"," 7.6"," 7.3"," 6.98"," 7.84"
"2014F","CO","NGCCV"," 33.7"," 37.2"," 40.7"," 47.7"," 56.6"," 75.5"," 82.7"," 101.9"," 123.2"," 171.3"," 201.9"," 226.1"," 305.9"," 325.9"," 343.2"," 317.8"," 272.8"," 267.1"," 264.5"," 272.9"," 264.8"," 278.7"," 265.9"," 289.2"," 287.9"," 282"," 252.7"," 280.4"," 274"," 270"," 326.9"," 501.2"," 322.6"," 371.3"," 463.4"," 582.5"," 575.2"," 512.2"," 592.9"," 472.1"," 437"," 437.8"," 392.6"," 426.8"," 472.8"
"2014F","CO","NGEID"," .24"," .27"," .35"," .33"," .43"," .59"," .78"," 1.04"," 1.3"," 1.88"," 2.64"," 3.25"," 3.62"," 4.22"," 3.75"," 3.53"," 3"," 2.29"," 2.29"," 2.28"," 2.17"," 2.15"," 2.14"," 2.5"," 2.12"," 1.73"," 2.1"," 3.17"," 3"," 2.57"," 4.03"," 3.75"," 2.49"," 4.28"," 5.43"," 7.16"," 5.99"," 4.19"," 6.77"," 4.13"," 5.02"," 4.81"," 4.01"," 4.68"," 5.21"
"2014F","CO","NGEIV"," 12"," 15.8"," 20.6"," 16.9"," 26.2"," 30.9"," 32.5"," 35.3"," 37.9"," 65.5"," 82.7"," 43.1"," 21.1"," 18.9"," 18.1"," 17.2"," 13.9"," 17.7"," 19.1"," 31.1"," 29.2"," 29"," 28.8"," 32.4"," 43.4"," 41.7"," 61"," 88.7"," 104.3"," 110.8"," 269.3"," 337.7"," 197.8"," 344.3"," 471"," 686.4"," 578"," 538.5"," 747.3"," 492"," 478.1"," 423.4"," 360.8"," 439.5"," 530.3"
"2014F","CO","NGICD"," .29"," .31"," .33"," .38"," .49"," .72"," .88"," 1.24"," 1.53"," 2.1"," 2.65"," 3.42"," 3.98"," 4.26"," 4.25"," 4.01"," 3.82"," 3.6"," 3.43"," 2.5"," 2.77"," 2.27"," 2.16"," 2.33"," 2.38"," 2.82"," 2.87"," 2.99"," 2.53"," 3.08"," 4.69"," 6.55"," 4.76"," 4.42"," 6.5"," 8.45"," 11.19"," 7.02"," 8.63"," 6.47"," 5.74"," 6.23"," 5.58"," 5.67"," 6.58"
"2014F","CO","NGICV"," 23.1"," 22.4"," 26.6"," 31.9"," 36.2"," 40.9"," 47.1"," 61.5"," 75.9"," 98.3"," 131.6"," 151.5"," 159.4"," 167.2"," 158.8"," 136.3"," 117.6"," 100"," 123.2"," 121.1"," 124.4"," 116.1"," 115.3"," 146"," 129.6"," 157"," 186.1"," 163.3"," 194.4"," 204.6"," 338.9"," 833.3"," 568.9"," 457.2"," 666.2"," 994"," 1136.6"," 768"," 950.2"," 658.8"," 589.4"," 397.1"," 350"," 426.6"," 505.1"
"2014F","CO","NGISB"," 81028"," 72266"," 80462"," 83312"," 73914"," 56752"," 53386"," 49761"," 49466"," 46898"," 49750"," 44343"," 40068"," 39293"," 37387"," 33974"," 30806"," 27801"," 35942"," 48350"," 44881"," 51086"," 53440"," 62708"," 54449"," 55663"," 64916"," 54566"," 76713"," 66464"," 72261"," 127122"," 119642"," 103505"," 102520"," 117675"," 101559"," 109457"," 110135"," 101746"," 102638"," 63771"," 62733"," 75213"," 76801"
"2014F","CO","NGRCD"," .74"," .77"," .78"," .84"," 1.02"," 1.29"," 1.41"," 1.83"," 2.25"," 2.81"," 3.26"," 4.19"," 4.89"," 5.48"," 5.23"," 5.11"," 4.99"," 4.74"," 4.39"," 4.58"," 4.56"," 4.46"," 4.48"," 4.48"," 4.92"," 4.73"," 4.33"," 4.77"," 5.19"," 5.38"," 6.15"," 8.33"," 5.58"," 6.55"," 8.42"," 10.01"," 10.14"," 8.6"," 9.62"," 8.67"," 7.99"," 8"," 7.98"," 7.55"," 8.55"
"2014F","CO","NGRCV"," 59.4"," 63.3"," 69.7"," 81.3"," 91.8"," 115.6"," 136.1"," 162.4"," 178.4"," 242.1"," 290.6"," 313.2"," 414.8"," 464.3"," 490"," 459.9"," 406.6"," 408.9"," 410.6"," 423.5"," 420.3"," 447.2"," 431.7"," 480.4"," 489.6"," 500.3"," 487.3"," 556"," 578.6"," 601.2"," 714.5"," 1033.8"," 724"," 821.1"," 1021.3"," 1278.6"," 1246.4"," 1157.8"," 1308.7"," 1135.1"," 1066.9"," 1073.5"," 958"," 1059.2"," 1174.4"
"2014F","CO","NGRFB"," 1634"," 2162"," 2312"," 2088"," 2862"," 2018"," 2879"," 3035"," 1739"," 2066"," 3153"," 5901"," 4734"," 3363"," 4232"," 2932"," 3653"," 3135"," 2515"," 3522"," 4217"," 6742"," 5250"," 6939"," 5654"," 5472"," 7062"," 6742"," 6798"," 9308"," 8403"," 11324"," 11649"," 9926"," 10379"," 12165"," 13064"," 11001"," 11411"," 13511"," 13607"," 12950"," 13061"," 6207"," 4663"
"2014F","CO","NGTCD"," .48"," .51"," .54"," .59"," .72"," .98"," 1.15"," 1.52"," 1.89"," 2.47"," 2.98"," 3.84"," 4.56"," 5.05"," 4.86"," 4.71"," 4.54"," 4.26"," 3.95"," 3.81"," 3.86"," 3.69"," 3.64"," 3.72"," 3.96"," 3.87"," 3.57"," 4.05"," 4.02"," 4.22"," 5.22"," 6.65"," 4.57"," 5.35"," 7.03"," 8.74"," 9.24"," 6.8"," 8.5"," 6.64"," 6.6"," 6.79"," 6.32"," 6.35"," 7.13"
"2014F","CO","NGTCV"," 128.2"," 138.8"," 157.7"," 177.7"," 210.8"," 262.9"," 298.4"," 361.1"," 415.5"," 577.1"," 706.8"," 733.8"," 901.2"," 976.3"," 1010.2"," 931.2"," 810.9"," 793.7"," 817.3"," 848.6"," 838.7"," 871.1"," 842.1"," 948.4"," 950.9"," 981.2"," 987.6"," 1089.2"," 1152.1"," 1187.6"," 1651.5"," 2708.6"," 1815.5"," 1996.9"," 2626.8"," 3542.9"," 3536.9"," 2977.7"," 3600.7"," 2760.3"," 2574"," 2334.4"," 2064.6"," 2355.3"," 2686.4"
"2014F","CO","NGTXD"," .53"," .57"," .59"," .65"," .8"," 1.08"," 1.22"," 1.61"," 1.98"," 2.57"," 3.04"," 3.89"," 4.59"," 5.06"," 4.88"," 4.74"," 4.58"," 4.35"," 4.02"," 3.91"," 3.98"," 3.79"," 3.74"," 3.78"," 4.13"," 4.1"," 3.74"," 4.15"," 4.16"," 4.52"," 5.54"," 7.47"," 5.1"," 5.64"," 7.51"," 9.23"," 10.34"," 7.89"," 9.11"," 7.66"," 7.1"," 7.47"," 7.19"," 6.92"," 7.84"
"2014F","CO","NGTXV"," 116.2"," 123"," 137.1"," 160.8"," 184.6"," 232"," 265.9"," 325.8"," 377.6"," 511.6"," 624"," 690.7"," 880.1"," 957.4"," 992.1"," 914"," 797.1"," 776"," 798.2"," 817.5"," 809.5"," 842.1"," 813.4"," 916"," 907.5"," 939.5"," 926.6"," 1000.5"," 1047.8"," 1076.8"," 1382.3"," 2370.8"," 1617.7"," 1652.6"," 2155.8"," 2856.5"," 2958.9"," 2439.2"," 2853.4"," 2268.2"," 2095.9"," 1911"," 1703.8"," 1915.8"," 2156.1"
"2014F","CO","NUEGD"," 0"," 0"," 0"," 0"," 0"," 0"," 0"," .19"," .21"," .23"," .21"," .18"," .21"," .23"," .26"," 0"," .27"," .28"," .29"," .28"," 0"," 0"," 0"," 0"," 0"," 0"," 0"," 0"," 0"," 0"," 0"," 0"," 0"," 0"," 0"," 0"," 0"," 0"," 0"," 0"," 0"," 0"," 0"," 0"," 0"
"2014F","CO","NUEGV"," 0"," 0"," 0"," 0"," 0"," 0"," 0"," .5"," 1.4"," .5"," 1.5"," 1.5"," 1.3"," 1.9"," .2"," 0"," .2"," .5"," 2"," 1.6"," 0"," 0"," 0"," 0"," 0"," 0"," 0"," 0"," 0"," 0"," 0"," 0"," 0"," 0"," 0"," 0"," 0"," 0"," 0"," 0"," 0"," 0"," 0"," 0"," 0"
"2014F","CO","NUETD"," 0"," 0"," 0"," 0"," 0"," 0"," 0"," .19"," .21"," .23"," .21"," .18"," .21"," .23"," .26"," 0"," .27"," .28"," .29"," .28"," 0"," 0"," 0"," 0"," 0"," 0"," 0"," 0"," 0"," 0"," 0"," 0"," 0"," 0"," 0"," 0"," 0"," 0"," 0"," 0"," 0"," 0"," 0"," 0"," 0"
"2014F","CO","NUETV"," 0"," 0"," 0"," 0"," 0"," 0"," 0"," .5"," 1.4"," .5"," 1.5"," 1.5"," 1.3"," 1.9"," .2"," 0"," .2"," .5"," 2"," 1.6"," 0"," 0"," 0"," 0"," 0"," 0"," 0"," 0"," 0"," 0"," 0"," 0"," 0"," 0"," 0"," 0"," 0"," 0"," 0"," 0"," 0"," 0"," 0"," 0"," 0"
"2014F","CO","P1ICD"," .8"," 1.2"," 1.21"," 1.21"," 2.13"," 2.34"," 2"," 2.28"," 2.61"," 3.16"," 4.77"," 5.92"," 5.73"," 5.68"," 5.6"," 5.72"," 5.23"," 4.13"," 4.14"," 3.97"," 3.86"," 4.67"," 4.49"," 4.32"," 4.01"," 4.46"," 4.81"," 5.62"," 4.73"," 5.77"," 4.67"," 5.26"," 7.24"," 5.05"," 5.91"," 7.11"," 7.98"," 7.97"," 9.9"," 16.14"," 15.97"," 19.09"," 20.45"," 19.74"," 19.56"
"2014F","CO","P1ICV"," 21.3"," 29.1"," 30.6"," 32.4"," 44.4"," 42.3"," 40.7"," 49.1"," 50.5"," 71.3"," 96.8"," 91.8"," 77.2"," 85.8"," 131.6"," 133.7"," 117.2"," 94.1"," 106.2"," 85"," 91"," 106"," 104.6"," 107.4"," 120.2"," 119.5"," 137"," 110.4"," 162.6"," 99.3"," 132.2"," 99.5"," 72.5"," 173.8"," 161.7"," 137"," 152.3"," 187.4"," 151.6"," 314.5"," 424.4"," 298"," 294.6"," 313.3"," 345.5"
"2014F","CO","P1TCD"," 1.13"," 1.5"," 1.54"," 1.54"," 2.6"," 2.85"," 2.53"," 2.83"," 3.27"," 4.02"," 5.99"," 7.76"," 7.62"," 7.4"," 6.86"," 6.91"," 6.42"," 5.44"," 5.38"," 5.54"," 5.58"," 6.36"," 6.17"," 5.93"," 5.4"," 5.93"," 6.15"," 7.48"," 5.93"," 8.05"," 6.33"," 7.6"," 10.86"," 6.58"," 7.87"," 10.27"," 11.99"," 11.54"," 15.5"," 19.55"," 19.11"," 24.83"," 26.24"," 25.13"," 24.66"
"2014F","CO","P1TCV"," 35.5"," 43"," 45.6"," 48.4"," 65"," 61.8"," 61.1"," 73.2"," 78.7"," 108.4"," 145.2"," 151.6"," 134.5"," 145.6"," 185.6"," 184.3"," 164.9"," 143.2"," 156.6"," 143.6"," 151.4"," 164.7"," 163.4"," 166.1"," 179.4"," 177.4"," 193.9"," 171.4"," 224.5"," 168.6"," 201.7"," 173.2"," 143.6"," 246.7"," 239.5"," 230.5"," 265.2"," 303"," 276.7"," 425.6"," 558.5"," 451.5"," 435.7"," 457.4"," 493.7"
"2014F","CO","P1TXD"," 1.13"," 1.5"," 1.54"," 1.54"," 2.6"," 2.85"," 2.53"," 2.83"," 3.27"," 4.02"," 5.99"," 7.76"," 7.62"," 7.4"," 6.86"," 6.91"," 6.42"," 5.44"," 5.38"," 5.54"," 5.58"," 6.36"," 6.17"," 5.93"," 5.4"," 5.93"," 6.15"," 7.48"," 5.93"," 8.05"," 6.33"," 7.6"," 10.86"," 6.58"," 7.87"," 10.27"," 11.99"," 11.54"," 15.5"," 19.55"," 19.11"," 24.83"," 26.24"," 25.13"," 24.66"
"2014F","CO","P1TXV"," 35.5"," 43"," 45.6"," 48.4"," 65"," 61.8"," 61.1"," 73.2"," 78.7"," 108.4"," 145.2"," 151.6"," 134.5"," 145.6"," 185.6"," 184.3"," 164.9"," 143.2"," 156.6"," 143.6"," 151.4"," 164.7"," 163.4"," 166.1"," 179.4"," 177.4"," 193.9"," 171.4"," 224.5"," 168.6"," 201.7"," 173.2"," 143.6"," 246.7"," 239.5"," 230.5"," 265.2"," 303"," 276.7"," 425.6"," 558.5"," 451.5"," 435.7"," 457.4"," 493.7"
"2014F","CO","PAACD"," 2.17"," 2.34"," 2.27"," 2.54"," 3.54"," 3.99"," 4.18"," 4.45"," 4.47"," 6.18"," 8.75"," 9.73"," 9.52"," 8.42"," 8.29"," 8.43"," 6.4"," 7.02"," 6.91"," 7.74"," 8.83"," 8.61"," 8.74"," 8.67"," 8.87"," 8.89"," 9.61"," 9.65"," 8.21"," 8.88"," 11.53"," 11.39"," 10.5"," 11.87"," 13.64"," 17.33"," 19.7"," 21.61"," 25.81"," 17.6"," 21.05"," 27.33"," 28.02"," 27.57"," 26.85"
"2014F","CO","PAACV"," 419.8"," 477.8"," 502"," 588.4"," 808.8"," 927.9"," 1023.5"," 1140.2"," 1230.4"," 1627.7"," 2131.9"," 2359.5"," 2381.3"," 2078.5"," 2146.4"," 2268.1"," 1735.5"," 1910.5"," 1828.4"," 1966.5"," 2310.4"," 2277"," 2345.5"," 2566.7"," 2650.4"," 2741.1"," 3047.2"," 3030.1"," 2722.7"," 3138.6"," 4114.5"," 4281.6"," 3904.9"," 4360"," 5530.1"," 7090.7"," 8247.1"," 9242.4"," 10558.2"," 6987.1"," 8539.1"," 10775"," 11085.7"," 10841.3"," 10768.9"
"2014F","CO","PACCD"," 1.27"," 1.4"," 1.36"," 1.61"," 2.59"," 2.69"," 2.84"," 3.18"," 3.36"," 4.64"," 7"," 8.04"," 7.83"," 6.92"," 6.97"," 6.53"," 4.5"," 4.61"," 4.31"," 5.29"," 6.68"," 7.06"," 6.19"," 5.67"," 5.33"," 5.76"," 7.34"," 5.83"," 4.54"," 6.1"," 9.13"," 8.77"," 7.56"," 10.02"," 12.4"," 15.17"," 17.42"," 19.61"," 24.38"," 15.06"," 18.41"," 23.05"," 22.88"," 22.83"," 22.33"
"2014F","CO","PACCV"," 5.9"," 6.8"," 7"," 8.5"," 12.5"," 12.5"," 14.1"," 15.3"," 18.2"," 15.7"," 33.7"," 38.7"," 33.2"," 57.6"," 47.8"," 36.1"," 20.9"," 32.9"," 31.7"," 30.9"," 34.6"," 41.6"," 37.5"," 30.2"," 39.9"," 34.1"," 52.2"," 32.8"," 24.7"," 42.9"," 56.3"," 50.5"," 37.8"," 50.5"," 62.7"," 99.3"," 97"," 89.4"," 131.7"," 154"," 146.6"," 205.2"," 156.1"," 152.6"," 161.2"
"2014F","CO","PAEID"," .37"," .54"," .54"," .96"," 1.96"," 2.18"," 1.93"," 2.18"," 2.19"," 3.51"," 5.65"," 7.24"," 5.85"," 5.78"," 5.94"," 5.79"," 3.37"," 3.86"," 3.52"," 4.07"," 5.34"," 4.39"," 4.09"," 4.81"," 4.58"," 4.36"," 5.01"," 5.33"," 4.24"," 5.4"," 6.89"," 7.21"," 7.05"," 9.15"," 11.45"," 18.78"," 12.16"," 18.45"," 21.67"," 12.73"," 17.49"," 23.63"," 25.19"," 23.6"," 19.7"
"2014F","CO","PAEIV"," .6"," 1"," 1.8"," 4.5"," 9.5"," 20"," 12.8"," 9"," 12"," 18.5"," 15.1"," 8.4"," 6.6"," 6.7"," 3.1"," 4.1"," 1.9"," 2"," 1.8"," 1.7"," 1.6"," 2.2"," 2.1"," .8"," .9"," .9"," 1.5"," 1.2"," 2.1"," 2.3"," 7.9"," 14.2"," 2.1"," 3.8"," 2.1"," 4.7"," 5.2"," 6.9"," 4.6"," 1.8"," 3.7"," 5.9"," 3.4"," 2.5"," 3.4"
"2014F","CO","PAICD"," .98"," 1.18"," 1.15"," 1.26"," 2.11"," 2.21"," 2.27"," 2.47"," 2.61"," 3.4"," 5.09"," 6.24"," 5.69"," 6.37"," 6.18"," 6.2"," 4.84"," 4.44"," 4.31"," 4.82"," 5.11"," 5.56"," 5.4"," 5.31"," 4.97"," 5.31"," 6"," 6.54"," 5.12"," 5.75"," 7.06"," 8.21"," 7.99"," 7.48"," 9.54"," 12.74"," 15.74"," 15.8"," 20.77"," 15.69"," 17.73"," 23.19"," 23.85"," 23.27"," 22.46"
"2014F","CO","PAICV"," 52.9"," 65.6"," 67.8"," 80.9"," 137.4"," 135.3"," 157.7"," 173"," 180"," 196.6"," 326"," 253.6"," 221.4"," 284"," 287.6"," 249.6"," 220.3"," 182.7"," 218.7"," 219.6"," 228.5"," 253.5"," 271.9"," 267.7"," 260.5"," 266.2"," 325.9"," 302.9"," 313.1"," 233.2"," 431.4"," 463"," 353.1"," 502.3"," 615.8"," 673.9"," 1009.3"," 1015.4"," 1144.4"," 695.1"," 960.2"," 1023.7"," 1029.7"," 1076.6"," 1156.2"
"2014F","CO","PARCD"," 1.72"," 1.7"," 1.77"," 3.16"," 2.76"," 3.26"," 3.72"," 3.95"," 4.26"," 5.6"," 7.31"," 7.78"," 9.25"," 8.24"," 8.74"," 6.67"," 6.6"," 5.08"," 2.61"," 6.02"," 6.98"," 7.3"," 7.59"," 6.12"," 8.53"," 8.33"," 10.16"," 9.41"," 7.91"," 8.66"," 11.7"," 12.83"," 11.09"," 13.16"," 15.03"," 17.26"," 19.56"," 21.49"," 25.77"," 20.96"," 22.45"," 26.45"," 21.96"," 23.73"," 25.95"
"2014F","CO","PARCV"," 23"," 24"," 28.3"," 49.7"," 37.2"," 41.7"," 50.5"," 50.5"," 65.9"," 35.7"," 51"," 66.6"," 92.2"," 104.5"," 52.4"," 41"," 37.6"," 31"," 15.2"," 39.6"," 47.3"," 55"," 51.5"," 43.6"," 60.4"," 72.4"," 85.5"," 15.7"," 7.1"," 67.9"," 132.5"," 135"," 116"," 194.8"," 191"," 227.6"," 203.4"," 252"," 358.2"," 261"," 279.8"," 314.9"," 250.3"," 319.2"," 298.8"
"2014F","CO","PATCD"," 1.88"," 2.05"," 2"," 2.27"," 3.17"," 3.55"," 3.71"," 3.99"," 4.07"," 5.63"," 7.94"," 9.16"," 8.99"," 8.07"," 7.96"," 8.08"," 6.15"," 6.6"," 6.37"," 7.23"," 8.23"," 8.12"," 8.16"," 8.1"," 8.23"," 8.34"," 9.07"," 9.2"," 7.68"," 8.52"," 10.86"," 10.97"," 10.22"," 11.24"," 13.12"," 16.79"," 19.16"," 20.85"," 25.21"," 17.45"," 20.67"," 26.83"," 27.39"," 26.96"," 26.28"
"2014F","CO","PATCV"," 502.3"," 575.2"," 606.9"," 732.1"," 1005.4"," 1137.4"," 1258.5"," 1388"," 1506.4"," 1894.2"," 2557.6"," 2726.7"," 2734.7"," 2531.3"," 2537.4"," 2599"," 2016.2"," 2159.2"," 2095.9"," 2258.2"," 2622.4"," 2629.3"," 2708.6"," 2909"," 3012"," 3114.7"," 3512.3"," 3382.8"," 3069.7"," 3484.9"," 4742.6"," 4944.3"," 4413.9"," 5111.3"," 6401.6"," 8096.3"," 9562.1"," 10606.1"," 12197.1"," 8099.1"," 9929.5"," 12324.7"," 12525.2"," 12392.2"," 12388.4"
"2014F","CO","PATXD"," 1.89"," 2.06"," 2.01"," 2.29"," 3.19"," 3.59"," 3.74"," 4.01"," 4.09"," 5.66"," 7.96"," 9.16"," 9"," 8.08"," 7.96"," 8.09"," 6.16"," 6.6"," 6.38"," 7.23"," 8.24"," 8.12"," 8.17"," 8.11"," 8.23"," 8.34"," 9.07"," 9.2"," 7.69"," 8.52"," 10.87"," 10.99"," 10.22"," 11.24"," 13.12"," 16.79"," 19.16"," 20.85"," 25.21"," 17.46"," 20.67"," 26.83"," 27.4"," 26.96"," 26.28"
"2014F","CO","PATXV"," 501.7"," 574.1"," 605.1"," 727.5"," 995.9"," 1117.4"," 1245.6"," 1379"," 1494.4"," 1875.7"," 2542.6"," 2718.4"," 2728.1"," 2524.6"," 2534.3"," 2594.9"," 2014.3"," 2157.1"," 2094.1"," 2256.5"," 2620.8"," 2627.1"," 2706.5"," 2908.2"," 3011.1"," 3113.8"," 3510.8"," 3381.6"," 3067.6"," 3482.6"," 4734.6"," 4930.1"," 4411.8"," 5107.5"," 6399.6"," 8091.6"," 9556.8"," 10599.2"," 12192.6"," 8097.2"," 9925.8"," 12318.8"," 12521.8"," 12389.7"," 12385"
"2014F","CO","PCCCD"," 0"," 0"," 0"," 0"," 0"," 0"," 0"," 0"," 0"," 0"," 0"," 0"," 0"," 0"," 0"," 0"," 0"," 0"," 0"," 0"," 0"," 0"," 0"," 0"," 0"," 0"," 0"," 0"," 0"," 0"," 0"," 0"," 0"," 0"," 0"," 0"," 0"," 0"," 0"," 0"," 0"," 0"," 0"," 0"," 0"
"2014F","CO","PCCCV"," 0"," 0"," 0"," 0"," 0"," 0"," 0"," 0"," 0"," 0"," 0"," 0"," 0"," 0"," 0"," 0"," 0"," 0"," 0"," 0"," 0"," 0"," 0"," 0"," 0"," 0"," 0"," 0"," 0"," 0"," 0"," 0"," 0"," 0"," 0"," 0"," 0"," 0"," 0"," 0"," 0"," 0"," 0"," 0"," 0"
"2014F","CO","PCEID"," 0"," 0"," 0"," 0"," 0"," 0"," 0"," 0"," 0"," 0"," 0"," 0"," 0"," 0"," 0"," 0"," 0"," 0"," 0"," 0"," 0"," 0"," 0"," 0"," 0"," 0"," 0"," 0"," 0"," 0"," 0"," 0"," 0"," 0"," 0"," 0"," 0"," 0"," 0"," 0"," 0"," 0"," 0"," 0"," 0"
"2014F","CO","PCEIV"," 0"," 0"," 0"," 0"," 0"," 0"," 0"," 0"," 0"," 0"," 0"," 0"," 0"," 0"," 0"," 0"," 0"," 0"," 0"," 0"," 0"," 0"," 0"," 0"," 0"," 0"," 0"," 0"," 0"," 0"," 0"," 0"," 0"," 0"," 0"," 0"," 0"," 0"," 0"," 0"," 0"," 0"," 0"," 0"," 0"
"2014F","CO","PCICD"," 0"," 0"," 0"," 0"," 0"," 0"," 0"," 0"," 0"," 0"," 0"," 0"," 0"," 0"," 0"," 0"," 0"," 0"," 0"," 0"," 0"," 0"," 0"," 0"," 0"," 0"," 0"," 0"," 0"," 0"," 0"," 0"," 0"," 0"," 0"," 0"," 0"," 0"," 0"," 0"," 0"," 0"," 0"," 0"," 0"
"2014F","CO","PCICV"," 0"," 0"," 0"," 0"," 0"," 0"," 0"," 0"," 0"," 0"," 0"," 0"," 0"," 0"," 0"," 0"," 0"," 0"," 0"," 0"," 0"," 0"," 0"," 0"," 0"," 0"," 0"," 0"," 0"," 0"," 0"," 0"," 0"," 0"," 0"," 0"," 0"," 0"," 0"," 0"," 0"," 0"," 0"," 0"," 0"
"2014F","CO","PCTCD"," 0"," 0"," 0"," 0"," 0"," 0"," 0"," 0"," 0"," 0"," 0"," 0"," 0"," 0"," 0"," 0"," 0"," 0"," 0"," 0"," 0"," 0"," 0"," 0"," 0"," 0"," 0"," 0"," 0"," 0"," 0"," 0"," 0"," 0"," 0"," 0"," 0"," 0"," 0"," 0"," 0"," 0"," 0"," 0"," 0"
"2014F","CO","PCTCV"," 0"," 0"," 0"," 0"," 0"," 0"," 0"," 0"," 0"," 0"," 0"," 0"," 0"," 0"," 0"," 0"," 0"," 0"," 0"," 0"," 0"," 0"," 0"," 0"," 0"," 0"," 0"," 0"," 0"," 0"," 0"," 0"," 0"," 0"," 0"," 0"," 0"," 0"," 0"," 0"," 0"," 0"," 0"," 0"," 0"
"2014F","CO","PEACD"," 2.17"," 2.34"," 2.27"," 2.54"," 3.54"," 3.99"," 4.18"," 4.45"," 4.47"," 6.18"," 8.75"," 9.73"," 9.52"," 8.42"," 8.29"," 8.44"," 6.4"," 7.02"," 6.92"," 7.74"," 8.83"," 8.61"," 8.75"," 8.67"," 8.87"," 8.88"," 9.6"," 9.65"," 8.2"," 8.87"," 11.52"," 11.37"," 10.49"," 11.85"," 13.62"," 17.32"," 19.7"," 21.61"," 25.8"," 17.6"," 21.04"," 27.32"," 28"," 27.56"," 26.84"
"2014F","CO","PEACV"," 419.9"," 477.8"," 502.1"," 588.4"," 808.8"," 927.9"," 1023.5"," 1140.2"," 1230.4"," 1627.7"," 2131.9"," 2359.5"," 2383.3"," 2082.5"," 2152"," 2282.2"," 1739"," 1911.8"," 1831.5"," 1972.1"," 2317.7"," 2284.6"," 2358.2"," 2567"," 2650.8"," 2741.4"," 3047.7"," 3031"," 2723.5"," 3139.6"," 4116.6"," 4284.1"," 3907"," 4363"," 5535"," 7092.1"," 8247.9"," 9243.6"," 10559.9"," 6989.3"," 8541.8"," 10777.6"," 11089"," 10844.4"," 10772.7"
"2014F","CO","PECCD"," .63"," .66"," .69"," .75"," .96"," 1.2"," 1.32"," 1.68"," 2.07"," 2.63"," 3.25"," 4.1"," 4.65"," 5.15"," 4.86"," 4.64"," 4.34"," 4.14"," 3.83"," 4.07"," 4.14"," 4.13"," 4.08"," 4.09"," 4.44"," 4.28"," 3.94"," 4.11"," 4.31"," 4.59"," 5.62"," 7.24"," 4.76"," 5.82"," 7.4"," 9.39"," 9.84"," 8.65"," 9.4"," 8.07"," 8.28"," 9.39"," 9.1"," 8.6"," 9.43"
"2014F","CO","PECCV"," 40.5"," 45"," 48.8"," 57.2"," 70.2"," 88.3"," 97.6"," 118.6"," 145.4"," 192"," 237.7"," 266.8"," 342.5"," 385.7"," 394.1"," 357.5"," 296.1"," 301.9"," 298.5"," 305.5"," 302.4"," 323.7"," 306.6"," 322.1"," 330.1"," 318.3"," 307.3"," 317.2"," 301.1"," 317.5"," 388.4"," 561.4"," 367.6"," 430.6"," 535.1"," 690.3"," 679.1"," 607.3"," 748.7"," 651.3"," 606.1"," 659.3"," 557.4"," 588.8"," 643.2"
"2014F","CO","PEEID"," .25"," .28"," .33"," .33"," .44"," .6"," .61"," .7"," .77"," .97"," 1.12"," 1.08"," 1.14"," 1.16"," 1.19"," 1.21"," 1.21"," 1.15"," 1.09"," 1.1"," 1.11"," 1.13"," 1.14"," 1.15"," 1.12"," 1.1"," 1.11"," 1.18"," 1.17"," 1.16"," 1.41"," 1.48"," 1.22"," 1.55"," 1.81"," 2.3"," 2.23"," 2.01"," 2.66"," 2.24"," 2.29"," 2.33"," 2.28"," 2.49"," 2.69"
"2014F","CO","PEEIV"," 30.6"," 35.9"," 44.2"," 48.7"," 70.9"," 105.4"," 115.7"," 153.1"," 169.9"," 228.9"," 272.5"," 281.5"," 299.1"," 290.6"," 322.7"," 342.6"," 340.8"," 332.3"," 337.2"," 362.8"," 371.2"," 373.1"," 384.3"," 393.7"," 403.7"," 386.4"," 413.9"," 439.7"," 457.9"," 460.6"," 626.8"," 711.6"," 562.8"," 717.4"," 844.1"," 1091"," 1080.7"," 1030.9"," 1289.3"," 1031.8"," 1066.3"," 1053.4"," 1036.5"," 1125.6"," 1197.1"
"2014F","CO","PEICD"," .54"," .65"," .65"," .73"," 1.23"," 1.41"," 1.6"," 1.81"," 2.01"," 2.46"," 3.37"," 3.82"," 4.03"," 4.73"," 4.58"," 4.45"," 3.83"," 3.57"," 3.55"," 3.33"," 3.54"," 3.48"," 3.45"," 3.36"," 3.31"," 3.63"," 4.09"," 4.15"," 3.53"," 3.86"," 5.47"," 6.85"," 5.5"," 5.46"," 7.43"," 9.45"," 12.52"," 10.01"," 12.33"," 9.11"," 9.52"," 12.82"," 12.45"," 11.82"," 12.32"
"2014F","CO","PEICV"," 97"," 106.9"," 119.7"," 142.1"," 226.1"," 233.2"," 266.4"," 301.9"," 316.4"," 367.2"," 529.8"," 478.9"," 424.4"," 473.8"," 471.8"," 409.6"," 361.8"," 307.5"," 364.8"," 360.1"," 373.5"," 392.3"," 410.6"," 436.9"," 415.8"," 443.2"," 521.6"," 485.4"," 517.1"," 448.4"," 780.7"," 1304.9"," 927.8"," 967.4"," 1291.8"," 1679"," 2157.7"," 1793.9"," 2105.1"," 1360.4"," 1564.4"," 1427.9"," 1398.1"," 1525.5"," 1686"
"2014F","CO","PERCD"," .88"," .9"," .93"," 1.17"," 1.25"," 1.54"," 1.69"," 2.09"," 2.56"," 3"," 3.55"," 4.56"," 5.33"," 5.81"," 5.41"," 5.17"," 5.05"," 4.74"," 4.27"," 4.66"," 4.72"," 4.65"," 4.66"," 4.57"," 5.12"," 4.97"," 4.72"," 4.82"," 5.17"," 5.54"," 6.62"," 8.6"," 5.96"," 7.2"," 8.98"," 10.65"," 10.87"," 9.67"," 11.19"," 9.77"," 9.31"," 9.64"," 9.38"," 9.18"," 10.08"
"2014F","CO","PERCV"," 85.3"," 89.7"," 100.5"," 133.5"," 130.4"," 158.3"," 187.9"," 214.8"," 247.4"," 283.2"," 346.7"," 387.5"," 515.1"," 576.5"," 551.3"," 510.3"," 450.9"," 443.3"," 429.5"," 466.8"," 482.9"," 517.5"," 497.9"," 537.3"," 562"," 584.5"," 586.8"," 587.5"," 597.7"," 682.3"," 867.7"," 1181.6"," 851.8"," 1030.6"," 1228.4"," 1533.3"," 1477.2"," 1442.7"," 1712.4"," 1438.3"," 1390"," 1441.6"," 1263.5"," 1453.9"," 1546.8"
"2014F","CO","PETCD"," 1.03"," 1.14"," 1.14"," 1.27"," 1.74"," 2.02"," 2.15"," 2.37"," 2.57"," 3.31"," 4.31"," 4.85"," 5.04"," 4.93"," 4.76"," 4.75"," 3.96"," 4.05"," 3.81"," 4"," 4.38"," 4.34"," 4.36"," 4.41"," 4.5"," 4.59"," 4.79"," 4.84"," 4.36"," 4.77"," 5.92"," 6.38"," 5.41"," 6.13"," 7.51"," 9.46"," 10.66"," 10.55"," 12.65"," 9.29"," 10.47"," 13.05"," 13.24"," 12.94"," 13.14"
"2014F","CO","PETCV"," 673.3"," 755.3"," 815.3"," 970"," 1306.3"," 1513.1"," 1691.1"," 1928.6"," 2109.6"," 2698.9"," 3518.7"," 3774.3"," 3964.4"," 3809.1"," 3892"," 3902.2"," 3188.6"," 3296.8"," 3261.5"," 3467.4"," 3847.7"," 3891.1"," 3957.6"," 4257.1"," 4362.5"," 4473.7"," 4877.2"," 4860.9"," 4597.3"," 5048.4"," 6780.2"," 8043.6"," 6617"," 7509"," 9434.4"," 12085.6"," 13642.7"," 14118.4"," 16415.3"," 11471.1"," 13168.7"," 15359.9"," 15344.6"," 15538.1"," 15845.8"
"2014F","CO","PETXD"," 1.21"," 1.34"," 1.32"," 1.49"," 2.1"," 2.45"," 2.64"," 2.98"," 3.24"," 4.26"," 5.68"," 6.74"," 6.97"," 6.74"," 6.54"," 6.61"," 5.44"," 5.65"," 5.35"," 5.77"," 6.4"," 6.2"," 6.26"," 6.21"," 6.51"," 6.56"," 6.9"," 7.01"," 6.23"," 6.93"," 8.79"," 9.38"," 7.95"," 8.91"," 10.89"," 13.67"," 15.78"," 15.84"," 18.61"," 13.48"," 15.26"," 19.72"," 20.32"," 19.23"," 19.28"
"2014F","CO","PETXV"," 642.7"," 719.4"," 771.1"," 921.3"," 1235.4"," 1407.7"," 1575.5"," 1775.5"," 1939.7"," 2470"," 3246.1"," 3492.9"," 3665.3"," 3518.5"," 3569.3"," 3559.6"," 2847.8"," 2964.6"," 2924.3"," 3104.5"," 3476.5"," 3518"," 3573.3"," 3863.4"," 3958.8"," 4087.4"," 4463.3"," 4421.2"," 4139.4"," 4587.8"," 6153.3"," 7332"," 6054.2"," 6791.6"," 8590.3"," 10994.6"," 12562"," 13087.5"," 15126"," 10439.3"," 12102.4"," 14306.5"," 14308"," 14412.5"," 14648.7"
"2014F","CO","POICD"," 1.66"," 1.46"," 1.5"," 1.67"," 2.25"," 2.6"," 3.27"," 3.53"," 3.61"," 5.63"," 8.11"," 9.26"," 8.71"," 8.74"," 8.88"," 8.64"," 10.73"," 10.73"," 10.84"," 10"," 9.71"," 13.51"," 18.03"," 15"," 19.27"," 19.24"," 16.9"," 17.39"," 13.24"," 13.05"," 15.63"," 15.48"," 13.34"," 13.88"," 16.04"," 18.14"," 22.53"," 25.08"," 32.42"," 21.67"," 29.25"," 33.75"," 33.66"," 31.99"," 30.42"
"2014F","CO","POICV"," 1.9"," 1.6"," 1.7"," 1.8"," 2.6"," 3.1"," 4.9"," 5.8"," 5.5"," 8.1"," 12.2"," 10.7"," 9.3"," 10.6"," 14"," 11.2"," 5.2"," 5.8"," 4.6"," 4"," 3.9"," 8.7"," 12.9"," 11.2"," 13.1"," 12.5"," 19.2"," 18.6"," 17.1"," 19.3"," 17.4"," 7.5"," 6.6"," 6.2"," 6.2"," 7.4"," 6.4"," 6.3"," 7.6"," 4.1"," 6.7"," 7.4"," 7.3"," 18.7"," 18.2"
"2014F","CO","POTCD"," 1.66"," 1.46"," 1.5"," 1.67"," 2.25"," 2.6"," 3.27"," 3.53"," 3.61"," 5.63"," 8.11"," 9.26"," 8.71"," 8.74"," 8.88"," 8.64"," 10.73"," 10.73"," 10.84"," 10"," 9.71"," 13.51"," 18.03"," 15"," 19.27"," 19.24"," 16.9"," 17.39"," 13.24"," 13.05"," 15.63"," 15.48"," 13.34"," 13.88"," 16.04"," 18.14"," 22.53"," 25.08"," 32.42"," 21.67"," 29.25"," 33.75"," 33.66"," 31.99"," 30.42"
"2014F","CO","POTCV"," 1.9"," 1.6"," 1.7"," 1.8"," 2.6"," 3.1"," 4.9"," 5.8"," 5.5"," 8.1"," 12.2"," 10.7"," 9.3"," 10.6"," 14"," 11.2"," 5.2"," 5.8"," 4.6"," 4"," 3.9"," 8.7"," 12.9"," 11.2"," 13.1"," 12.5"," 19.2"," 18.6"," 17.1"," 19.3"," 17.4"," 7.5"," 6.6"," 6.2"," 6.2"," 7.4"," 6.4"," 6.3"," 7.6"," 4.1"," 6.7"," 7.4"," 7.3"," 18.7"," 18.2"
"2014F","CO","POTXD"," 1.66"," 1.46"," 1.5"," 1.67"," 2.25"," 2.6"," 3.27"," 3.53"," 3.61"," 5.63"," 8.11"," 9.26"," 8.71"," 8.74"," 8.88"," 8.64"," 10.73"," 10.73"," 10.84"," 10"," 9.71"," 13.51"," 18.03"," 15"," 19.27"," 19.24"," 16.9"," 17.39"," 13.24"," 13.05"," 15.63"," 15.48"," 13.34"," 13.88"," 16.04"," 18.14"," 22.53"," 25.08"," 32.42"," 21.67"," 29.25"," 33.75"," 33.66"," 31.99"," 30.42"
"2014F","CO","POTXV"," 1.9"," 1.6"," 1.7"," 1.8"," 2.6"," 3.1"," 4.9"," 5.8"," 5.5"," 8.1"," 12.2"," 10.7"," 9.3"," 10.6"," 14"," 11.2"," 5.2"," 5.8"," 4.6"," 4"," 3.9"," 8.7"," 12.9"," 11.2"," 13.1"," 12.5"," 19.2"," 18.6"," 17.1"," 19.3"," 17.4"," 7.5"," 6.6"," 6.2"," 6.2"," 7.4"," 6.4"," 6.3"," 7.6"," 4.1"," 6.7"," 7.4"," 7.3"," 18.7"," 18.2"
"2014F","CO","RFACD"," .38"," .54"," .54"," .82"," 1.78"," 1.86"," 1.57"," 1.85"," 1.73"," 2.44"," 0"," 0"," 0"," 4.53"," 4.51"," 3.79"," 2.01"," 0"," 0"," 0"," 0"," 0"," 0"," 0"," 3.06"," 0"," 3.82"," 0"," 0"," 0"," 0"," 0"," 0"," 0"," 0"," 0"," 0"," 0"," 0"," 0"," 0"," 0"," 0"," 0"," 0"
"2014F","CO","RFACV"," .2"," .2"," .1"," .3"," 1.2"," 1.2"," 1.4"," 1.2"," 1.2"," 0"," 0"," 0"," 0"," .4"," .3"," 3.5"," 0"," 0"," 0"," 0"," 0"," 0"," 0"," 0"," 0"," 0"," 0"," 0"," 0"," 0"," 0"," 0"," 0"," 0"," 0"," 0"," 0"," 0"," 0"," 0"," 0"," 0"," 0"," 0"," 0"
"2014F","CO","RFCCD"," .38"," .55"," .55"," .84"," 1.82"," 1.93"," 1.61"," 1.93"," 1.77"," 2.5"," 4.35"," 4.37"," 4.7"," 4.51"," 4.6"," 4.07"," 2.34"," 0"," 0"," 1.8"," 0"," 0"," 1.75"," 2.04"," 0"," 0"," 0"," 0"," 1.95"," 1.9"," 0"," 0"," 0"," 0"," 0"," 0"," 0"," 0"," 0"," 0"," 0"," 0"," 0"," 0"," 0"
"2014F","CO","RFCCV"," .1"," .1"," .2"," .3"," .8"," .9"," .9"," 1.1"," 1.1"," .2"," .1"," .1"," .1"," .2"," .1"," 0"," 1.1"," 0"," 0"," .1"," 0"," 0"," 0"," 0"," 0"," 0"," 0"," 0"," 0"," 0"," 0"," 0"," 0"," 0"," 0"," 0"," 0"," 0"," 0"," 0"," 0"," 0"," 0"," 0"," 0"
"2014F","CO","RFEID"," .36"," .53"," .53"," .84"," 1.82"," 1.94"," 1.64"," 1.93"," 1.83"," 2.48"," 4.38"," 4.38"," 4.77"," 4.62"," 4.64"," 4"," 0"," 2.35"," 2.8"," 2.74"," 3.09"," 3.86"," 3.23"," 0"," 3.22"," 2.99"," 3.97"," 4.09"," 2.94"," 3.59"," 5.66"," 5.5"," 0"," 0"," 4.74"," 0"," 8.55"," 0"," 0"," 10.53"," 0"," 0"," 0"," 0"," 0"
"2014F","CO","RFEIV"," .6"," .9"," 1.6"," 3.3"," 6.2"," 10.8"," 6.6"," 5.3"," 6.4"," 6.4"," 4.7"," .1"," 0"," 1.4"," .2"," .2"," 0"," 0"," .5"," 0"," 0"," 1.1"," .7"," 0"," 0"," .1"," .4"," 0"," 0"," 0"," .3"," 0"," 0"," 0"," 0"," 0"," 1.5"," 0"," 0"," 0"," 0"," 0"," 0"," 0"," 0"
"2014F","CO","RFICD"," .47"," .52"," .52"," .65"," 1.56"," 1.43"," 1.8"," 1.83"," 1.95"," 2.62"," 3.82"," 4.24"," 4.14"," 4.26"," 4.6"," 4.07"," 2.34"," 2.68"," 1.82"," 1.8"," 2.46"," 2.26"," 1.75"," 2.04"," 2.2"," 2.26"," 3.25"," 2.17"," 1.95"," 1.9"," 0"," 2.82"," 0"," 0"," 0"," 0"," 4.92"," 0"," 12.23"," 0"," 0"," 0"," 0"," 0"," 0"
"2014F","CO","RFICV"," 3"," 3.6"," 4.2"," 5.8"," 21.6"," 19.8"," 32.1"," 29.1"," 37.3"," 7"," 38.8"," 2.5"," .1"," 4.3"," 2"," 0"," 0"," 0"," 0"," 0"," 0"," 0"," 0"," 0"," 0"," 0"," 0"," 0"," 0"," 0"," 0"," 0"," 0"," 0"," 0"," 0"," 0"," 0"," .2"," 0"," 0"," 0"," 0"," 0"," 0"
"2014F","CO","RFISB"," 6492"," 6964"," 8096"," 9063"," 13899"," 13836"," 17802"," 15875"," 19091"," 2675"," 10164"," 600"," 35"," 1007"," 426"," 0"," 1"," 1"," 0"," 0"," 0"," 1"," 0"," 16"," 2"," 0"," 0"," 0"," 0"," 0"," 0"," 1"," 0"," 0"," 0"," 0"," 2"," 0"," 15"," 0"," 0"," 0"," 0"," 0"," 0"
"2014F","CO","RFRFB"," 597"," 717"," 754"," 692"," 754"," 792"," 798"," 553"," 805"," 484"," 145"," 209"," 19"," 622"," 570"," 249"," 1091"," 215"," 33"," 90"," 79"," 210"," 23"," 53"," 6"," 1"," 25"," 21"," 1"," 5"," 0"," 24"," 0"," 0"," 0"," 0"," 1"," 0"," 1"," 0"," 0"," 0"," 0"," 0"," 0"
"2014F","CO","RFTCD"," .44"," .52"," .52"," .71"," 1.62"," 1.59"," 1.76"," 1.85"," 1.92"," 2.55"," 3.88"," 4.25"," 4.44"," 4.36"," 4.6"," 3.8"," 2.34"," 2.63"," 2.8"," 1.96"," 2.94"," 3.86"," 3.22"," 2.04"," 2.89"," 2.99"," 3.97"," 3.54"," 1.98"," 2.86"," 5.66"," 4.87"," 0"," 0"," 4.74"," 0"," 8.5"," 0"," 12.23"," 10.51"," 0"," 0"," 0"," 0"," 0"
"2014F","CO","RFTCV"," 3.9"," 4.8"," 6.1"," 9.7"," 29.9"," 32.7"," 41.1"," 36.7"," 46"," 13.7"," 43.6"," 2.7"," .3"," 6.3"," 2.5"," 3.7"," 1.1"," 0"," .5"," .1"," 0"," 1.1"," .7"," 0"," 0"," .1"," .4"," 0"," 0"," 0"," .3"," 0"," 0"," 0"," 0"," 0"," 1.5"," 0"," .2"," 0"," 0"," 0"," 0"," 0"," 0"
"2014F","CO","RFTXD"," .46"," .52"," .52"," .66"," 1.57"," 1.46"," 1.79"," 1.84"," 1.94"," 2.62"," 3.82"," 4.25"," 4.39"," 4.3"," 4.59"," 3.79"," 2.34"," 2.69"," 1.8"," 1.8"," 2.4"," 2.26"," 1.75"," 2.04"," 2.87"," 2.25"," 3.75"," 2.18"," 1.95"," 1.9"," 0"," 2.82"," 0"," 0"," 0"," 0"," 4.91"," 0"," 12.23"," 0"," 0"," 0"," 0"," 0"," 0"
"2014F","CO","RFTXV"," 3.4"," 3.9"," 4.5"," 6.4"," 23.6"," 21.9"," 34.5"," 31.4"," 39.6"," 7.3"," 38.9"," 2.6"," .3"," 4.9"," 2.3"," 3.5"," 1.1"," 0"," 0"," .1"," 0"," 0"," 0"," 0"," 0"," 0"," 0"," 0"," 0"," 0"," 0"," 0"," 0"," 0"," 0"," 0"," 0"," 0"," .2"," 0"," 0"," 0"," 0"," 0"," 0"
"2014F","CO","SNICD"," 1.96"," 2"," 2"," 2.08"," 2.6"," 3.12"," 3.12"," 3.12"," 3.12"," 5.04"," 10.48"," 10.72"," 10.72"," 10.72"," 11.13"," 10.87"," 10.73"," 10.73"," 10.84"," 10"," 9.71"," 9.51"," 9.55"," 9.44"," 9.54"," 9.81"," 10.48"," 10.44"," 9"," 9.91"," 12.66"," 12.07"," 11.38"," 13.15"," 15.66"," 19.12"," 0"," 0"," 0"," 0"," 0"," 0"," 0"," 30.46"," 29.26"
"2014F","CO","SNICV"," 1.2"," 1.4"," 1.5"," 1.6"," 1.9"," 2"," 1.7"," 1.8"," 2.1"," 3.5"," 7"," 7.5"," 6.9"," 8.2"," 11.3"," 8.5"," 5.2"," 5.8"," 4.6"," 4"," 3.9"," 2.5"," 3"," 3"," 2.3"," 2.1"," 5.1"," 5"," 6.4"," 9.5"," 8.1"," 1.6"," 2"," 1.8"," 1.4"," 2"," 0"," 0"," 0"," 0"," 0"," 0"," 0"," 5.4"," 5.5"
"2014F","CO","TEACD"," 2.17"," 2.34"," 2.27"," 2.54"," 3.54"," 3.99"," 4.18"," 4.45"," 4.47"," 6.18"," 8.75"," 9.73"," 9.52"," 8.42"," 8.29"," 8.44"," 6.4"," 7.02"," 6.92"," 7.74"," 8.83"," 8.61"," 8.75"," 8.67"," 8.87"," 8.88"," 9.6"," 9.65"," 8.21"," 8.87"," 11.52"," 11.38"," 10.49"," 11.85"," 13.63"," 17.32"," 19.7"," 21.6"," 25.8"," 17.6"," 21.05"," 27.32"," 28"," 27.57"," 26.84"
"2014F","CO","TEACV"," 419.9"," 477.8"," 502.1"," 588.4"," 808.8"," 927.9"," 1023.5"," 1140.2"," 1230.4"," 1627.7"," 2131.9"," 2359.5"," 2383.3"," 2082.5"," 2152"," 2282.2"," 1739"," 1911.8"," 1831.5"," 1972.1"," 2317.7"," 2284.6"," 2358.2"," 2567"," 2650.9"," 2741.6"," 3047.9"," 3031.3"," 2723.7"," 3139.9"," 4117.1"," 4284.8"," 3909.1"," 4365.8"," 5536.1"," 7093.1"," 8249.8"," 9246.8"," 10563.9"," 6992.9"," 8546.2"," 10782.6"," 11094.1"," 10850.9"," 10779.6"
"2014F","CO","TECCD"," 1.67"," 1.73"," 1.83"," 1.9"," 2.28"," 2.73"," 2.87"," 3.42"," 4.01"," 4.8"," 6.07"," 7.84"," 8.89"," 9.22"," 9.21"," 9.48"," 9.47"," 8.94"," 8.73"," 9.18"," 9.27"," 9.16"," 9.34"," 9.37"," 9.69"," 9.76"," 9.46"," 9.47"," 10.04"," 10.33"," 10.95"," 11.66"," 10.38"," 12.25"," 13.53"," 15.59"," 15.91"," 15.47"," 16.76"," 15.32"," 17.11"," 18.38"," 18.81"," 18.76"," 19.52"
"2014F","CO","TECCV"," 134"," 147.9"," 164.4"," 183.8"," 215"," 258.6"," 268.7"," 311.6"," 369.6"," 463"," 594.5"," 734"," 956.5"," 1024.2"," 1114.7"," 1129.7"," 1049.1"," 1037"," 1082.5"," 1132.6"," 1133.6"," 1174.7"," 1173.3"," 1227.2"," 1181"," 1202.8"," 1229.2"," 1231.5"," 1281.4"," 1346.1"," 1467.2"," 1654"," 1503.2"," 1728.5"," 1878.1"," 2202.4"," 2191.6"," 2169.6"," 2510.6"," 2282.4"," 2396.2"," 2537.3"," 2435.7"," 2570.8"," 2672.2"
"2014F","CO","TEGDS",,,,,,,,,,,,,,,,,,,,,,,,,,,," 4.89"," 4.345"," 4.303"," 4.857"," 5.382"," 4.637"," 5.064"," 5.75"," 6.589"," 6.996"," 6.946"," 7.659"," 5.855"," 6.551"," 7.232"," 6.99"," 6.858"," 6.537"
"2014F","CO","TEICD"," .67"," .79"," .79"," .89"," 1.42"," 1.74"," 2.05"," 2.32"," 2.61"," 3.21"," 4.14"," 4.86"," 5.14"," 5.49"," 5.71"," 5.77"," 5.36"," 5.32"," 5.16"," 4.94"," 5.16"," 5.09"," 5.03"," 4.84"," 5.32"," 5.61"," 5.84"," 6.02"," 5.2"," 5.74"," 6.76"," 7.84"," 6.82"," 7.06"," 8.78"," 10.78"," 13.43"," 11.45"," 13.82"," 11.29"," 11.98"," 15.24"," 14.88"," 14.49"," 14.91"
"2014F","CO","TEICV"," 123.9"," 135.4"," 152.7"," 180.3"," 276"," 314.5"," 380.3"," 434.7"," 467.3"," 553.1"," 748.7"," 716.9"," 618.4"," 610.6"," 688.8"," 632.3"," 607.6"," 565.7"," 635.7"," 635.2"," 655.7"," 685.6"," 711.3"," 739.2"," 835.7"," 861.5"," 934.4"," 905.5"," 930.9"," 845.6"," 1184.4"," 1769.5"," 1384.8"," 1504.5"," 1858.3"," 2336.5"," 2861.9"," 2539.5"," 2979"," 2181.4"," 2558.4"," 2449.1"," 2414.3"," 2584.8"," 2791.9"
"2014F","CO","TERCD"," 1.7"," 1.77"," 1.85"," 2.1"," 2.38"," 2.76"," 2.91"," 3.44"," 4.08"," 4.78"," 5.72"," 7.77"," 8.79"," 9.23"," 8.64"," 8.71"," 8.99"," 8.58"," 8.19"," 8.57"," 8.62"," 8.45"," 8.71"," 8.5"," 9.3"," 9.12"," 8.96"," 9.14"," 9.7"," 9.83"," 10.57"," 12.11"," 10.17"," 11.74"," 13.36"," 15.11"," 15.51"," 14.69"," 16.42"," 15.38"," 16.05"," 16.52"," 17.02"," 16.54"," 17.43"
"2014F","CO","TERCV"," 187.1"," 201.3"," 228.3"," 276.8"," 292.8"," 332.7"," 376.2"," 417.7"," 477.2"," 555.4"," 689.2"," 886.3"," 1121.7"," 1216.5"," 1135.8"," 1123.6"," 1074"," 1072.8"," 1091.5"," 1139.8"," 1170"," 1231.3"," 1233.6"," 1308.8"," 1366.7"," 1423.5"," 1476"," 1497.1"," 1540.2"," 1651.2"," 1892.5"," 2261.8"," 1989.1"," 2311"," 2535.4"," 3022.8"," 3006.3"," 3074.4"," 3506.8"," 3178.8"," 3387.8"," 3500.8"," 3351.4"," 3664.2"," 3750.6"
"2014F","CO","TERFB"," 8605"," 9081"," 9744"," 8354"," 9474"," 8715"," 8672"," 10621"," 6801"," 6752"," 9335"," 11529"," 10050"," 12375"," 12017"," 9383"," 11069"," 10853"," 11191"," 12980"," 13294"," 15390"," 15339"," 16228"," 15983"," 15276"," 18202"," 18049"," 16989"," 19461"," 17985"," 23558"," 23246"," 21999"," 22797"," 25971"," 26904"," 24721"," 24830"," 27580"," 28688"," 28186"," 28509"," 19964"," 17374"
"2014F","CO","TETCD"," 1.52"," 1.67"," 1.67"," 1.85"," 2.49"," 2.92"," 3.13"," 3.51"," 3.83"," 4.93"," 6.48"," 7.86"," 8.39"," 8.2"," 8.05"," 8.23"," 7.26"," 7.4"," 7.19"," 7.63"," 8.15"," 7.98"," 8.07"," 7.96"," 8.33"," 8.4"," 8.66"," 8.79"," 8.12"," 8.74"," 10.24"," 10.71"," 9.59"," 10.78"," 12.48"," 15.15"," 16.93"," 17.04"," 19.79"," 15.47"," 17.4"," 21.28"," 21.81"," 21.14"," 21.25"
"2014F","CO","TETCV"," 865"," 962.4"," 1047.6"," 1229.3"," 1592.7"," 1833.7"," 2048.7"," 2304.2"," 2544.4"," 3199.1"," 4164.3"," 4696.7"," 5079.9"," 4933.8"," 5091.3"," 5167.8"," 4469.7"," 4587.4"," 4641.2"," 4879.7"," 5276.9"," 5376.1"," 5476.5"," 5842.3"," 6034.3"," 6229.3"," 6687.5"," 6665.3"," 6476.2"," 6982.7"," 8661.1"," 9970.1"," 8786.2"," 9909.9"," 11807.9"," 14654.8"," 16309.6"," 17030.3"," 19560.4"," 14635.5"," 16888.5"," 19269.7"," 19295.6"," 19670.7"," 19994.4"
"2014F","CO","TETPV"," 389.1"," 417.8"," 435.6"," 492.5"," 626.7"," 709"," 778.3"," 854.6"," 919.6"," 1122.8"," 1431.6"," 1577.2"," 1659.3"," 1574.5"," 1606.1"," 1610.6"," 1380.6"," 1407"," 1422.7"," 1489.6"," 1595.4"," 1587.2"," 1566.5"," 1616.7"," 1620.3"," 1627.9"," 1706"," 1658.7"," 1573.2"," 1652.3"," 2001.7"," 2252.8"," 1956.7"," 2188.2"," 2581"," 3163.9"," 3455.1"," 3545.1"," 4000.3"," 2943.5"," 3345.4"," 3764"," 3716.6"," 3731.8"," 3733.4"
"2014F","CO","TETXD"," 1.52"," 1.67"," 1.67"," 1.85"," 2.49"," 2.92"," 3.13"," 3.51"," 3.83"," 4.93"," 6.48"," 7.86"," 8.39"," 8.2"," 8.05"," 8.23"," 7.26"," 7.4"," 7.19"," 7.63"," 8.15"," 7.98"," 8.07"," 7.96"," 8.33"," 8.4"," 8.66"," 8.79"," 8.12"," 8.74"," 10.24"," 10.71"," 9.59"," 10.78"," 12.48"," 15.15"," 16.93"," 17.04"," 19.79"," 15.47"," 17.4"," 21.28"," 21.81"," 21.14"," 21.25"
"2014F","CO","TETXV"," 865"," 962.4"," 1047.6"," 1229.3"," 1592.7"," 1833.7"," 2048.7"," 2304.2"," 2544.4"," 3199.1"," 4164.3"," 4696.7"," 5079.9"," 4933.8"," 5091.3"," 5167.8"," 4469.7"," 4587.4"," 4641.2"," 4879.7"," 5276.9"," 5376.1"," 5476.5"," 5842.3"," 6034.3"," 6229.3"," 6687.5"," 6665.3"," 6476.2"," 6982.7"," 8661.1"," 9970.1"," 8786.2"," 9909.9"," 11807.9"," 14654.8"," 16309.6"," 17030.3"," 19560.4"," 14635.5"," 16888.5"," 19269.7"," 19295.6"," 19670.7"," 19994.4"
"2014F","CO","TNSCB"," 569765"," 575495"," 627077"," 663832"," 640135"," 628257"," 653758"," 656553"," 663478"," 648432"," 642826"," 597650"," 605780"," 601415"," 632555"," 628160"," 615352"," 619881"," 645259"," 639698"," 647321"," 674090"," 678347"," 733711"," 724746"," 741638"," 772170"," 758586"," 797383"," 799384"," 845566"," 931103"," 916035"," 919389"," 946516"," 967527"," 963600"," 999369"," 988371"," 946161"," 970776"," 905394"," 884791"," 930567"," 940918"
"2014F","CO","TPOPP"," 2223"," 2304"," 2405"," 2496"," 2541"," 2586"," 2632"," 2696"," 2767"," 2849"," 2909"," 2978"," 3062"," 3134"," 3170"," 3209"," 3237"," 3260"," 3262"," 3276"," 3308"," 3387"," 3496"," 3614"," 3724"," 3827"," 3920"," 4018"," 4117"," 4226"," 4327"," 4426"," 4490"," 4529"," 4575"," 4632"," 4720"," 4804"," 4890"," 4972"," 5048"," 5119"," 5192"," 5271"," 5356"
"2014F","CO","WDRCD"," .72"," .76"," .77"," .88"," 1.36"," 1.43"," 1.53"," 1.74"," 1.83"," 2.63"," 3.66"," 4.51"," 4.37"," 4.23"," 4.31"," 4.14"," 3.32"," 3.16"," 3.2"," 3.53"," 4.75"," 4.55"," 4.16"," 4.06"," 3.94"," 3.86"," 4.43"," 4.41"," 3.82"," 3.92"," 5.88"," 5.62"," 5.09"," 6.11"," 6.95"," 9.2"," 10.6"," 11.62"," 14.42"," 10.74"," 12.67"," 15.22"," 16.94"," 16.72"," 16.31"
"2014F","CO","WDRCV"," .3"," .3"," .3"," .4"," .6"," .8"," .9"," 1.1"," 1.5"," 2.6"," 4"," 6.6"," 6.6"," 6.9"," 7.4"," 7.3"," 5.3"," 2.5"," 2.7"," 3"," 14.6"," 14.7"," 14.1"," 12.9"," 11.9"," 11.7"," 13.9"," 15.5"," 11.9"," 12.6"," 20.3"," 11.1"," 10.3"," 13"," 15.1"," 26.5"," 27"," 32.8"," 45.5"," 42.1"," 43.4"," 53.3"," 55.3"," 75.4"," 73.6"
"2014F","CO","WWCCD"," .72"," .76"," .77"," .88"," 1.36"," 1.43"," 1.53"," 1.74"," 1.83"," 2.63"," 3.66"," 4.51"," 4.37"," 4.23"," 4.31"," 4.14"," 3.32"," 3.16"," 3.2"," 3.53"," 4.16"," 4.05"," 3.71"," 3.69"," 3.45"," 3.1"," 3.64"," 3.97"," 3.33"," 2.82"," 5.36"," 3.71"," 5.09"," 6.11"," 6.95"," 9.2"," 10.6"," 11.62"," 14.42"," 10.74"," 12.67"," 15.22"," 16.94"," 16.72"," 16.31"
"2014F","CO","WWCCV"," 0"," 0"," 0"," 0"," 0"," 0"," 0"," 0"," 0"," .1"," .1"," .2"," .2"," .2"," .2"," .2"," .2"," .1"," .1"," .2"," 1.7"," 1.7"," 1.6"," 1.8"," 1.7"," 1.8"," 2"," 2.7"," 2.1"," 2.3"," 3.5"," 2.4"," 1.8"," 2.3"," 2.5"," 4.2"," 4.5"," 5.3"," 6.9"," 5.9"," 6.9"," 8"," 7.8"," 8.9"," 8.7"
"2014F","CO","WWCSB"," 9"," 9"," 9"," 9"," 9"," 10"," 11"," 12"," 15"," 19"," 27"," 35"," 34"," 37"," 38"," 42"," 47"," 27"," 30"," 70"," 401"," 413"," 434"," 488"," 492"," 564"," 562"," 678"," 622"," 819"," 645"," 636"," 358"," 372"," 364"," 462"," 428"," 455"," 480"," 554"," 547"," 526"," 461"," 534"," 534"
"2014F","CO","WWEID"," 0"," 0"," 0"," 0"," 0"," 0"," 0"," 0"," 0"," 0"," 0"," 0"," 1.28"," 1.12"," 1.28"," .79"," .32"," .95"," .87"," .8"," .8"," .8"," .51"," .55"," .56"," .7"," .59"," .5"," 0"," 0"," .67"," 1.36"," 1.64"," 1.58"," 1.46"," 2.28"," 2.32"," 2.42"," 2.66"," 4"," 5.42"," 2.43"," 2.22"," 2.25"," 2.7"
"2014F","CO","WWEIV"," 0"," 0"," 0"," 0"," 0"," 0"," 0"," 0"," 0"," 0"," 0"," 0"," 0"," 0"," 0"," 0"," 0"," 0"," 0"," 0"," .1"," 1"," .1"," 0"," .1"," .1"," 0"," 0"," 0"," 0"," .1"," .6"," .8"," .7"," 1.5"," 1.1"," 1.2"," 1.3"," 1.9"," 3.3"," 4.7"," 2.2"," 1.9"," 2.6"," 4.9"
"2014F","CO","WWICD"," 1.73"," 1.73"," 1.73"," 1.73"," 1.73"," 1.73"," 1.73"," 1.73"," 1.73"," 1.73"," 1.53"," 1.53"," 1.53"," 1.53"," 1.53"," 1.53"," 2.09"," 2.09"," 2.09"," 2.06"," 1.66"," 1.66"," 1.66"," 1.66"," 2.13"," 2.1"," 2.12"," 2.06"," 1.33"," 1.33"," 1.32"," 1.23"," 1.64"," 1.64"," 1.64"," 1.64"," 1.72"," 1.73"," 1.73"," 1.73"," 1.73"," 2.41"," 2.41"," 2.41"," 2.41"
"2014F","CO","WWICV"," 3.6"," 4.1"," 5"," 5.2"," 4.4"," 3.6"," 4.4"," 5.7"," 7.1"," 6.5"," .9"," 1"," .9"," 1.1"," 1.1"," 1.1"," 3.2"," 3.2"," 3.3"," 1.4"," .9"," .9"," .9"," .9"," .9"," .9"," 1.1"," .9"," .2"," .2"," .2"," .1"," .2"," .2"," .2"," .2"," .2"," .2"," .2"," .2"," .2"," .3"," .3"," .3"," .3"
"2014F","CO","WWISB"," 2104"," 2384"," 2912"," 2995"," 2558"," 2063"," 2516"," 3308"," 4076"," 3721"," 600"," 633"," 613"," 692"," 706"," 703"," 1517"," 1511"," 1572"," 692"," 570"," 566"," 530"," 524"," 412"," 437"," 497"," 441"," 182"," 187"," 166"," 111"," 104"," 105"," 109"," 111"," 120"," 128"," 124"," 120"," 127"," 143"," 144"," 120"," 120"
"2014F","CO","WWTCD"," 1.55"," 1.58"," 1.6"," 1.62"," 1.68"," 1.67"," 1.7"," 1.73"," 1.75"," 1.93"," 2.91"," 3.62"," 3.55"," 3.43"," 3.49"," 3.38"," 2.7"," 2.45"," 2.47"," 2.89"," 4.14"," 3.34"," 3.74"," 3.65"," 3.62"," 3.5"," 4"," 4.08"," 3.62"," 3.59"," 5.39"," 4.47"," 4.43"," 5.3"," 5.27"," 8.11"," 9.14"," 10.02"," 12.21"," 9.51"," 11.13"," 12.6"," 13.85"," 13.8"," 12.51"
"2014F","CO","WWTCV"," 4"," 4.5"," 5.4"," 5.6"," 5.1"," 4.4"," 5.3"," 6.9"," 8.6"," 9.1"," 5"," 7.7"," 7.7"," 8.1"," 8.6"," 8.6"," 8.7"," 5.8"," 6.1"," 4.7"," 17.4"," 18.3"," 16.6"," 15.7"," 14.6"," 14.4"," 17"," 19.2"," 14.3"," 15.1"," 24.2"," 14.3"," 13"," 16.1"," 19.3"," 32"," 33"," 39.6"," 54.5"," 51.6"," 55.2"," 63.8"," 65.4"," 87.3"," 87.5"
"2014F","CO","WWTXD"," 1.55"," 1.58"," 1.6"," 1.62"," 1.68"," 1.67"," 1.7"," 1.73"," 1.75"," 1.93"," 2.91"," 3.62"," 3.57"," 3.44"," 3.51"," 3.41"," 2.73"," 2.47"," 2.49"," 2.9"," 4.26"," 4.11"," 3.81"," 3.72"," 3.69"," 3.57"," 4.05"," 4.13"," 3.62"," 3.59"," 5.62"," 4.99"," 4.95"," 5.93"," 6.73"," 8.95"," 10.25"," 11.25"," 14"," 10.51"," 12.33"," 14.78"," 16.4"," 16.39"," 15.98"
"2014F","CO","WWTXV"," 4"," 4.5"," 5.4"," 5.6"," 5.1"," 4.4"," 5.3"," 6.9"," 8.6"," 9.1"," 5"," 7.7"," 7.7"," 8.1"," 8.6"," 8.5"," 8.7"," 5.8"," 6.1"," 4.7"," 17.2"," 17.3"," 16.6"," 15.6"," 14.5"," 14.4"," 17"," 19.1"," 14.3"," 15.1"," 24"," 13.6"," 12.3"," 15.4"," 17.8"," 30.9"," 31.8"," 38.3"," 52.6"," 48.3"," 50.5"," 61.6"," 63.5"," 84.7"," 82.6"
"2014F","CO","WXICD"," 4.14"," 0"," 0"," 0"," 0"," 0"," 0"," 0"," 0"," 0"," 0"," 0"," 0"," 0"," 0"," 0"," 0"," 0"," 0"," 0"," 0"," 16.33"," 24.75"," 19.1"," 24.75"," 23.89"," 22.95"," 24.62"," 20.11"," 20.54"," 21.33"," 19.26"," 16.53"," 15.76"," 17.35"," 18.25"," 23.88"," 26.71"," 33.64"," 24.35"," 32.76"," 34.7"," 34.76"," 33.37"," 33.91"
"2014F","CO","WXICV"," .4"," 0"," 0"," 0"," 0"," 0"," 0"," 0"," 0"," 0"," 0"," 0"," 0"," 0"," 0"," 0"," 0"," 0"," 0"," 0"," 0"," 6.1"," 9.9"," 8.2"," 10.7"," 10.4"," 13.8"," 13.3"," 10.5"," 9.5"," 8.7"," 5.3"," 4"," 3.7"," 4.1"," 4.4"," 4.8"," 4.5"," 4.9"," 2.3"," 4.3"," 4"," 4.1"," 5"," 4.5"
